subphase	path	action	artifact_type	purpose	tables	transaction_owner	database_requirement	source_evidence	security_relevance	compatibility_relevance	test_command	commit_boundary	owner_authorization
BASELINE	docs/seller/ADDITIVE-MIGRATION-AND-FORWARD-RECOVERY.md	READ_ONLY	document	Binding additive forward-recovery contract	NONE	NONE	No database	F0A committed contract	Prevents destructive recovery	Existing behavior unchanged	Read-only hash validation	No commit in planning	Current F1B planning authorization
BASELINE	docs/seller/ADR-0001-SELLER-BOUNDARY.md	READ_ONLY	document	Binding seller tenant and audience boundary	NONE	NONE	No database	F0A committed contract	Unknown deny and safe not-found	No admin or customer reuse	Read-only hash validation	No commit in planning	Current F1B planning authorization
BASELINE	docs/seller/PHASE-GATES.md	READ_ONLY	document	Binding phase gates	NONE	NONE	No database	F0A committed contract	Separate DB and feature gates	No runtime change	Read-only hash validation	No commit in planning	Current F1B planning authorization
BASELINE	docs/seller/SCREEN-BACKEND-MATRIX.tsv	READ_ONLY	document	Binding screen dependency matrix	NONE	NONE	No database	F0A committed contract	No invented UI authority	Tablet remains out of scope	Read-only hash validation	No commit in planning	Current F1B planning authorization
BASELINE	docs/seller/SELLER-API-V1.md	READ_ONLY	document	Binding seller API contract	NONE	NONE	No database	F0A committed contract	No API implementation in F1B	Existing APIs unchanged	Read-only hash validation	No commit in planning	Current F1B planning authorization
BASELINE	tests/adminCommerceProHttpSmoke.mjs	READ_ONLY	test	Existing admin HTTP compatibility baseline	NONE	NONE	No database	Existing committed test	Detects admin regression	Admin contract preserved	node tests/adminCommerceProHttpSmoke.mjs	No commit in planning	Current F1B planning authorization
BASELINE	tests/adminCommerceProSessionContractSmoke.js	READ_ONLY	test	Existing admin session compatibility baseline	NONE	NONE	No database	Existing committed test	Detects admin audience regression	Admin contract preserved	node tests/adminCommerceProSessionContractSmoke.js	No commit in planning	Current F1B planning authorization
BASELINE	tests/sellerF0bDocumentContractSmoke.js	READ_ONLY	test	Frozen document contract baseline	NONE	NONE	No database	Committed F0B test	Preserves binding seller contract	No source change	node tests/sellerF0bDocumentContractSmoke.js	No commit in planning	Current F1B planning authorization
BASELINE	tests/sellerF0bScreenMatrixContractSmoke.js	READ_ONLY	test	Frozen screen matrix baseline	NONE	NONE	No database	Committed F0B test	Preserves screen scope	No UI change	node tests/sellerF0bScreenMatrixContractSmoke.js	No commit in planning	Current F1B planning authorization
BASELINE	tests/sellerF0bSecurityInvariantContractSmoke.js	READ_ONLY	test	Frozen security contract baseline	NONE	NONE	No database	Committed F0B test	Preserves tenant and audience invariants	No auth regression	node tests/sellerF0bSecurityInvariantContractSmoke.js	No commit in planning	Current F1B planning authorization
F1-PLANNING	docs/seller/f1/SELLER-F1-AUTHZ-SESSION-API-CONTRACT.md	READ_ONLY	document	Binding F1 auth and session planning contract	NONE	NONE	No database	Committed F1 planning document	Keeps sessions outside F1B	No runtime activation	Read-only hash validation	No commit in planning	Current F1B planning authorization
F1-PLANNING	docs/seller/f1/SELLER-F1-DATA-MODEL-AND-MIGRATION-CONTRACT.md	READ_ONLY	document	Binding F1 data and migration contract	F1A tables	NONE	No database	Committed F1 planning document	Preserves tenant and key invariants	No schema change	Read-only hash validation	No commit in planning	Current F1B planning authorization
F1-PLANNING	docs/seller/f1/SELLER-F1-FILE-ALLOWLIST.tsv	READ_ONLY	document	Binding F1 future path ledger	NONE	NONE	No database	Committed F1 planning document	Prevents F1 scope drift	No source change	Read-only hash validation	No commit in planning	Current F1B planning authorization
F1-PLANNING	docs/seller/f1/SELLER-F1-IMPLEMENTATION-PLAN.md	READ_ONLY	document	Binding F1 subphase plan	NONE	NONE	No database	Committed F1 planning document	Preserves F1B entry gate	No runtime activation	Read-only hash validation	No commit in planning	Current F1B planning authorization
F1-PLANNING	docs/seller/f1/SELLER-F1-TEST-SECURITY-AND-RECOVERY-PLAN.md	READ_ONLY	document	Binding F1 test and recovery plan	NONE	NONE	No database	Committed F1 planning document	Preserves DB guard requirements	No test change	Read-only hash validation	No commit in planning	Current F1B planning authorization
F1A	migrations/20260730_seller_f1_organizations_roles_memberships.sql	READ_ONLY	migration	Committed F1A organization role membership schema	organizations roles permissions memberships	NONE	No database	Committed F1A migration	Preserves last-owner and role guard	No runtime apply	Read-only hash validation	No commit in planning	Current F1B planning authorization
F1A	migrations/20260730_seller_f1_sessions_audit_outbox.sql	READ_ONLY	migration	Committed F1A session audit outbox schema	sessions refresh audit outbox	NONE	No database	Committed F1A migration	Keeps F1C runtime forbidden	No runtime apply	Read-only hash validation	No commit in planning	Current F1B planning authorization
F1A	migrations/20260730_seller_f1_store_bindings_invitations.sql	READ_ONLY	migration	Committed F1A store scope invitation schema	stores scopes invitations	NONE	No database	Committed F1A migration	Preserves composite tenant guard	No runtime apply	Read-only hash validation	No commit in planning	Current F1B planning authorization
F1A	tests/helpers/sellerF1DisposableDb.js	READ_ONLY	test	Committed F1A disposable target guard	F1A tables	NONE	No database	Committed F1A helper	Preserves loopback and prefix guard	No DB contact	node tests/sellerF1MigrationDisposableDbSmoke.js --guard-only	No commit in planning	Current F1B planning authorization
F1A	tests/sellerF1MigrationContractSmoke.js	READ_ONLY	test	Committed F1A static migration contract	F1A tables	NONE	No database	Committed F1A test	Preserves type and additive constraints	No DB contact	node tests/sellerF1MigrationContractSmoke.js	No commit in planning	Current F1B planning authorization
F1A	tests/sellerF1MigrationDisposableDbSmoke.js	READ_ONLY	test	Committed F1A guard-only smoke	F1A tables	NONE	No database	Committed F1A test	Prevents unapproved database operation	No DB contact	node tests/sellerF1MigrationDisposableDbSmoke.js --guard-only	No commit in planning	Current F1B planning authorization
F1A-PREREQ	models/sellerF1MigrationRegistry.js	CREATE	model	Future explicit non-startup F1A migration registry	F1A tables	Explicit prerequisite runner	Guarded disposable database only	models/categoryV2Schema.js:1-46 and F1 data contract	Prevents unregistered apply	Does not alter startup	node tests/sellerF1MigrationRegistrySmoke.js	Separate prerequisite commit	Separate F1A prerequisite authorization
F1A-PREREQ	tests/sellerF1MigrationDisposableDbIntegrationSmoke.js	CREATE	test	Future fresh and second-apply integration proof	F1A tables	Test-owned transaction	Guarded disposable database only	tests/helpers/sellerF1DisposableDb.js:5-125	No remote target and owned cleanup	No customer or admin DB change	node tests/sellerF1MigrationDisposableDbIntegrationSmoke.js	Separate prerequisite commit	Separate F1A prerequisite authorization
F1A-PREREQ	tests/sellerF1MigrationRegistrySmoke.js	CREATE	test	Future registry order and isolation proof	F1A tables	NONE	No database	F1A migration contract test	Prevents startup registration	No runtime activation	node tests/sellerF1MigrationRegistrySmoke.js	Separate prerequisite commit	Separate F1A prerequisite authorization
F1B-PLANNING	docs/seller/f1b/SELLER-F1B-BOOTSTRAP-AND-LIFECYCLE-CONTRACT.md	CREATE	document	Current explicit bootstrap and lifecycle plan	F1B tables	NONE	No database	Current F1B planning authorization	Prevents inferred ownership	No runtime activation	Manual plan validation	No commit in planning	Current F1B planning authorization
F1B-PLANNING	docs/seller/f1b/SELLER-F1B-FILE-ALLOWLIST.tsv	CREATE	document	Current deterministic future file ledger	F1B tables	NONE	No database	Current F1B planning authorization	Prevents scope creep	No runtime activation	TSV validator	No commit in planning	Current F1B planning authorization
F1B-PLANNING	docs/seller/f1b/SELLER-F1B-IMPLEMENTATION-PLAN.md	CREATE	document	Current F1B sequence and prerequisite decision	F1B tables	NONE	No database	Current F1B planning authorization	Prevents migration bypass	No runtime activation	Manual plan validation	No commit in planning	Current F1B planning authorization
F1B-PLANNING	docs/seller/f1b/SELLER-F1B-PERSISTENCE-TRANSACTION-CONTRACT.md	CREATE	document	Current persistence transaction contract	F1B tables	NONE	No database	Current F1B planning authorization	Tenant and rollback contract	No runtime activation	Manual plan validation	No commit in planning	Current F1B planning authorization
F1B-PLANNING	docs/seller/f1b/SELLER-F1B-TEST-SECURITY-AND-RECOVERY-PLAN.md	CREATE	document	Current F1B verification and recovery plan	F1B tables	NONE	No database	Current F1B planning authorization	No remote DB and race coverage	Existing tests remain baseline	Manual plan validation	No commit in planning	Current F1B planning authorization
F1B1	services/sellerAuthorizationService.js	CREATE	service	Future organization and membership persistence	organizations roles memberships	Service-owned transaction	Registered F1A schema and disposable verification	services/adminCatalogMutationService.js:36-196	Last owner and revision safety	No route or middleware	node tests/sellerF1OrganizationMembershipPolicySmoke.js; node tests/sellerF1PersistenceTransactionSmoke.js	Separate F1B1 commit	Separate F1B1 authorization
F1B1	services/sellerRolePermissionService.js	CREATE	service	Future fixed role and permission reads	roles permissions role_permissions	Queryable read only	Registered F1A schema and disposable verification	services/adminCatalogProductService.js:49-88	Unknown deny and platform permission guard	No admin role reuse	node tests/sellerF1RolePermissionMatrixSmoke.js	Separate F1B1 commit	Separate F1B1 authorization
F1B1	tests/sellerF1OrganizationMembershipPolicySmoke.js	CREATE	test	Future organization and membership policy test	organizations roles memberships	Fake and disposable transaction	Guarded disposable database when integration needed	F1A organization migration	Tenant and last owner coverage	No API change	node tests/sellerF1OrganizationMembershipPolicySmoke.js	Separate F1B1 commit	Separate F1B1 authorization
F1B1	tests/sellerF1RolePermissionMatrixSmoke.js	CREATE	test	Future role permission unknown-deny matrix	roles permissions role_permissions	NONE	No database or injected queryable	F1A role migration	Prevents privilege escalation	No admin change	node tests/sellerF1RolePermissionMatrixSmoke.js	Separate F1B1 commit	Separate F1B1 authorization
F1B2	services/sellerStoreBindingService.js	CREATE	service	Future explicit seller-store and scope persistence	stores memberships scopes	Service-owned transaction	Registered F1A schema and disposable verification	F1A store binding migration	Composite tenant scope enforcement	No catalog ownership reinterpretation	node tests/sellerF1MembershipStoreScopeSmoke.js; node tests/sellerF1PersistenceTransactionSmoke.js	Separate F1B2 commit	Separate F1B2 authorization
F1B2	tests/sellerF1MembershipStoreScopeSmoke.js	CREATE	test	Future composite scope isolation test	stores memberships scopes	Test-owned transaction	Guarded disposable database	F1A composite foreign keys	Cross-organization rejection	No customer or admin change	node tests/sellerF1MembershipStoreScopeSmoke.js	Separate F1B2 commit	Separate F1B2 authorization
F1B2	tests/sellerF1PersistenceTransactionSmoke.js	CREATE	test	Future rollback release revision and race test	organizations stores memberships scopes	Test-owned transaction	Fake plus guarded disposable database	services/adminCatalogMutationService.js:90-196	Rollback and deadlock handling	No API change	node tests/sellerF1PersistenceTransactionSmoke.js	Separate F1B2 commit	Separate F1B2 authorization
F1B3	services/sellerInvitationService.js	CREATE	service	Future invitation hash and lifecycle persistence	invitations roles memberships	Service-owned transaction	Registered F1A schema and disposable verification	F1A invitation migration	No plaintext and same-org role checks	No provider or route	node tests/sellerF1InvitationPersistenceSmoke.js; node tests/sellerF1PersistenceTransactionSmoke.js	Separate F1B3 commit	Separate F1B3 authorization
F1B3	tests/sellerF1InvitationPersistenceSmoke.js	CREATE	test	Future invitation replay expiry and revoke test	invitations roles memberships	Test-owned transaction	Guarded disposable database	F1A invitation trigger and indexes	Hash-only and cross-organization proof	No delivery change	node tests/sellerF1InvitationPersistenceSmoke.js	Separate F1B3 commit	Separate F1B3 authorization
F1B4	migrations/20260806_seller_f1b_bootstrap_operator_authorizations.sql	CREATE	migration	Explicit first-party bootstrap operator-authorization carrier	seller_bootstrap_operator_authorizations	Explicit bootstrap service transaction	Guarded disposable database only	F1B bootstrap lifecycle contract	Requires explicit operator authorization and prevents inferred ownership	No runtime activation	node tests/sellerF1MigrationContractSmoke.js; node tests/sellerF1MigrationDisposableDbIntegrationSmoke.js; node tests/sellerF1FirstPartyBootstrapSmoke.js; node tests/sellerF1PersistenceTransactionSmoke.js	Separate F1B4 commit	Separate F1B4 authorization
F1B4	services/sellerFirstPartyBootstrapService.js	CREATE	service	Future explicit dry-run first-party bootstrap	organizations stores memberships scopes	Service-owned transaction	Registered F1A schema and explicit operator decision	F1 data contract bootstrap boundary	No automatic admin membership	No external visibility	node tests/sellerF1FirstPartyBootstrapSmoke.js; node tests/sellerF1PersistenceTransactionSmoke.js	Separate F1B4 commit	Separate F1B4 authorization
F1B4	tests/sellerF1FirstPartyBootstrapSmoke.js	CREATE	test	Future bootstrap dry-run idempotency reconciliation test	organizations stores memberships scopes	Test-owned transaction	Guarded disposable database	F1B bootstrap contract	Prevents inferred owner and store	No customer promotion	node tests/sellerF1FirstPartyBootstrapSmoke.js	Separate F1B4 commit	Separate F1B4 authorization
F1B5	tests/sellerF1PersistenceCompatibilitySmoke.js	CREATE	test	Future customer admin and startup compatibility test	NONE	NONE	No database or guarded disposable database	F0B and startup safety tests	Default-off and no regression proof	Customer admin behavior preserved	node tests/sellerF1PersistenceCompatibilitySmoke.js	Separate F1B5 commit	Separate F1B5 authorization
FORBIDDEN	app/build.gradle.kts	FORBIDDEN	android	Customer Android build remains outside F1B	NONE	NONE	No database	F1 phase gate	Prevents Android scope leak	Customer app unchanged	No command	No commit in planning	No authorization in F1B
FORBIDDEN	app/src/main/AndroidManifest.xml	FORBIDDEN	android	Customer Android manifest remains outside F1B	NONE	NONE	No database	F1 phase gate	Prevents Android scope leak	Customer app unchanged	No command	No commit in planning	No authorization in F1B
FORBIDDEN	app/src/main/java/com/novastore/app/navigation/NavGraph.kt	FORBIDDEN	android	Customer navigation remains outside F1B	NONE	NONE	No database	F1 phase gate	Prevents Android scope leak	Customer app unchanged	No command	No commit in planning	No authorization in F1B
FORBIDDEN	controllers/authController.js	READ_ONLY	controller	Existing customer auth remains compatibility-only read surface	NONE	NONE	No database	F1B compatibility boundary	Prevents customer auth reuse	Customer auth unchanged	node tests/adminCommerceProSessionContractSmoke.js	No commit in planning	Current F1B planning authorization
FORBIDDEN	controllers/sellerContextController.js	FORBIDDEN	controller	Seller API controller is later F1E scope	NONE	NONE	No database	F1 implementation plan F1E	Prevents API activation	No endpoint mount	No command	No commit in planning	No authorization in F1B
FORBIDDEN	controllers/userController.js	READ_ONLY	controller	Existing customer user runtime remains compatibility-only read surface	NONE	NONE	No database	F1B compatibility boundary	Prevents customer auth reuse	Customer behavior unchanged	node tests/sellerF0bSecurityInvariantContractSmoke.js	No commit in planning	Current F1B planning authorization
FORBIDDEN	middlewares/authMiddleware.js	READ_ONLY	middleware	Existing customer auth middleware remains compatibility-only read surface	NONE	NONE	No database	F1B compatibility boundary	Prevents shared auth reuse	Customer behavior unchanged	node tests/sellerF0bSecurityInvariantContractSmoke.js	No commit in planning	Current F1B planning authorization
FORBIDDEN	middlewares/sellerAuthMiddleware.js	FORBIDDEN	middleware	Seller audience middleware is later F1D scope	NONE	NONE	No database	F1 implementation plan F1D	Prevents auth scope leak	No auth behavior change	No command	No commit in planning	No authorization in F1B
FORBIDDEN	middlewares/sellerTenantContext.js	FORBIDDEN	middleware	Seller tenant middleware is later F1D scope	NONE	NONE	No database	F1 implementation plan F1D	Prevents tenant resolver leak	No route behavior change	No command	No commit in planning	No authorization in F1B
FORBIDDEN	models/createCoreDb.js	FORBIDDEN	model	Seller SQL must not enter runtime core initializer	NONE	NONE	No database	F1 data model contract and models/createCoreDb.js	Prevents startup schema carrier	Existing startup unchanged	No command	No commit in planning	No authorization in F1B
FORBIDDEN	routes/adminRoutes.js	READ_ONLY	route	Existing admin routes remain compatibility-only read surface	NONE	NONE	No database	F1B compatibility boundary	Prevents admin route reuse	Admin routes unchanged	node tests/adminCommerceProHttpSmoke.mjs	No commit in planning	Current F1B planning authorization
FORBIDDEN	routes/sellerContextRoutes.js	FORBIDDEN	route	Seller context route is later F1E scope	NONE	NONE	No database	F1 implementation plan F1E	Prevents API activation	No endpoint mount	No command	No commit in planning	No authorization in F1B
FORBIDDEN	server.js	FORBIDDEN	runtime	Startup must not register or mount seller F1B	NONE	NONE	No database	server.js:278-302	Prevents runtime activation	Existing startup unchanged	No command	No commit in planning	No authorization in F1B
FORBIDDEN	services/sellerAuditOutboxService.js	FORBIDDEN	service	Audit outbox runtime is later F1C scope	outbox audit	NONE	No database	F1 implementation plan F1C	Prevents append-only runtime leak	No external dispatch	No command	No commit in planning	No authorization in F1B
FORBIDDEN	services/sellerSessionService.js	FORBIDDEN	service	Seller session runtime is later F1C scope	sessions refresh	NONE	No database	F1 implementation plan F1C	Prevents token and session scope leak	No auth behavior change	No command	No commit in planning	No authorization in F1B
FORBIDDEN	services/socketAuthService.js	READ_ONLY	service	Existing socket auth remains compatibility-only read surface	NONE	NONE	No database	F1 plan forbidden map	Prevents audience reuse	Socket behavior unchanged	node tests/sellerF0bSecurityInvariantContractSmoke.js	No commit in planning	Current F1B planning authorization
