test_state	canonical_references	state_purpose	route	fixture_strategy	expected_semantic_markers	expected_api_calls	screenshot_path	release_effect	capture_requirement
login	001	Seller login default surface	seller://auth/login	NO_FIXTURE	Satıcı Girişi|E-posta veya telefon numarası|Giriş Yap	POST /api/seller/v1/auth/login	artifacts/seller-wave4/visual/001-runtime.png	NONE; debug BuildConfig gate only	Native AVD capture
loading	003	Initial protected-data loading state	seller://dashboard/loading	DEBUG_STATE	Yükleniyor	GET /api/seller/v1/dashboard	artifacts/seller-wave4/visual/003-runtime.png	NONE; debug BuildConfig gate only	Native AVD capture
empty	NONE	No-result state family	seller://dashboard/empty	DEBUG_STATE	Henüz veri yok	GET /api/seller/v1/dashboard	artifacts/seller-wave4/visual/dashboard-empty-runtime.png	NONE; debug BuildConfig gate only	Native AVD capture
error	NONE	Recoverable safe error state family	seller://dashboard/error	DEBUG_STATE	İşlem tamamlanamadı	GET /api/seller/v1/dashboard	artifacts/seller-wave4/visual/dashboard-error-runtime.png	NONE; debug BuildConfig gate only	Native AVD capture
offline	NONE	Offline retry state family	seller://dashboard/offline	DEBUG_STATE	Çevrimdışısınız	GET /api/seller/v1/dashboard	artifacts/seller-wave4/visual/dashboard-offline-runtime.png	NONE; debug BuildConfig gate only	Native AVD capture
disabled	NONE	Explicit capability-unavailable state	seller://dashboard/disabled	DEBUG_STATE	Bu özellik kullanıma kapalı	NONE N/A-BACKEND	artifacts/seller-wave4/visual/dashboard-disabled-runtime.png	NONE; debug BuildConfig gate only	Native AVD capture
session_expired	021	Session-expired modal state	seller://auth/session-expired	DEBUG_STATE	Oturumun sona erdi	POST /api/seller/v1/auth/refresh	artifacts/seller-wave4/visual/021-runtime.png	NONE; debug BuildConfig gate only	Native AVD capture
team	NONE	Legacy read-only team routing surface	seller://team	LEGACY_DEBUG_TEAM	Ekip ve Yetkiler|EKİP YÖNETİMİ|Test Mağazası	GET /api/seller/v1/team/members	artifacts/seller-wave4/visual/team-legacy-runtime.png	NONE; debug BuildConfig gate only	Native AVD capture
ref_055	055	Dashboard populated root	seller://dashboard	DEBUG_ONLY_SYNTHETIC_CANONICAL	Günaydın, Kuşay|Bugünkü satış|Son siparişler	GET /api/seller/v1/dashboard	artifacts/seller-wave4/visual/055-runtime.png	NONE; debug BuildConfig gate only	Native AVD capture
ref_056	056	Dashboard sales help sheet	seller://dashboard	DEBUG_ONLY_SYNTHETIC_CANONICAL	Bugünkü satış nedir?|Ne işe yarar?|Anladım	NONE N/A-BACKEND	artifacts/seller-wave4/visual/056-runtime.png	NONE; debug BuildConfig gate only	Native AVD capture
ref_057	057	Dashboard first-use state	seller://dashboard	DEBUG_ONLY_SYNTHETIC_CANONICAL	Mağazanız satışa hazır|İlk ürününü ekle|3 adımdan 1’i tamamlandı	GET /api/seller/v1/dashboard	artifacts/seller-wave4/visual/057-runtime.png	NONE; debug BuildConfig gate only	Native AVD capture
ref_058	058	Monthly sales detail	seller://dashboard	DEBUG_ONLY_SYNTHETIC_CANONICAL	Bu ayın satışları|Brüt satış|Finans ayrıntılarını aç	GET /api/seller/v1/dashboard	artifacts/seller-wave4/visual/058-runtime.png	NONE; debug BuildConfig gate only	Native AVD capture
ref_059	059	Pending order list	seller://dashboard	DEBUG_ONLY_SYNTHETIC_CANONICAL	Bekleyen siparişler|Bugün hazırlanması gereken|Hazırlamaya başla	GET /api/seller/v1/dashboard	artifacts/seller-wave4/visual/059-runtime.png	NONE; debug BuildConfig gate only	Native AVD capture
ref_060	060	Shipment queue list	seller://dashboard	DEBUG_ONLY_SYNTHETIC_CANONICAL	Kargoya verilecek|2 paketi bugün kargoya vermelisiniz.|Kargoya verildi bildir	GET /api/seller/v1/dashboard	artifacts/seller-wave4/visual/060-runtime.png	NONE; debug BuildConfig gate only	Native AVD capture
ref_061	061	Low-stock list	seller://dashboard	DEBUG_ONLY_SYNTHETIC_CANONICAL	Düşük stoklar|3 ürün kritik seviyede|Stok ekle	GET /api/seller/v1/dashboard	artifacts/seller-wave4/visual/061-runtime.png	NONE; debug BuildConfig gate only	Native AVD capture
ref_062	062	Store rating summary	seller://dashboard	DEBUG_ONLY_SYNTHETIC_CANONICAL	Mağaza puanı|4,7/5|Tüm değerlendirmeleri gör	GET /api/seller/v1/dashboard	artifacts/seller-wave4/visual/062-runtime.png	NONE; debug BuildConfig gate only	Native AVD capture
ref_063	063	Balance summary	seller://dashboard	DEBUG_ONLY_SYNTHETIC_CANONICAL	Bakiye özeti|Kullanılabilir bakiye|Finans bölümünü aç	GET /api/seller/v1/dashboard	artifacts/seller-wave4/visual/063-runtime.png	NONE; debug BuildConfig gate only	Native AVD capture
ref_064	064	Upcoming payout detail	seller://dashboard	DEBUG_ONLY_SYNTHETIC_CANONICAL	Yaklaşan ödeme|24 Temmuz|Ödeme ayrıntılarını gör	GET /api/seller/v1/dashboard	artifacts/seller-wave4/visual/064-runtime.png	NONE; debug BuildConfig gate only	Native AVD capture
ref_065	065	Sales chart filter	seller://dashboard	DEBUG_ONLY_SYNTHETIC_CANONICAL	Satış grafiği|Brüt satış|Net kazanç	NONE N/A-BACKEND	artifacts/seller-wave4/visual/065-runtime.png	NONE; debug BuildConfig gate only	Native AVD capture
ref_066	066	Product performance state	seller://dashboard	DEBUG_ONLY_SYNTHETIC_CANONICAL	Ürün performansı|En çok satanlar|İlgilenmeniz gerekenler	GET /api/seller/v1/dashboard	artifacts/seller-wave4/visual/066-runtime.png	NONE; debug BuildConfig gate only	Native AVD capture
ref_067	067	Quick action sheet	seller://dashboard	DEBUG_ONLY_SYNTHETIC_CANONICAL	Hızlı işlem seç|Yeni ürün ekle|Kampanya oluştur	NONE N/A-BACKEND	artifacts/seller-wave4/visual/067-runtime.png	NONE; debug BuildConfig gate only	Native AVD capture
ref_068	068	Important task list	seller://dashboard	DEBUG_ONLY_SYNTHETIC_CANONICAL	Önemli görevler|Siparişleri görüntüle|Stoğu güncelle	GET /api/seller/v1/dashboard	artifacts/seller-wave4/visual/068-runtime.png	NONE; debug BuildConfig gate only	Native AVD capture
ref_069	069	Notification summary	seller://dashboard	DEBUG_ONLY_SYNTHETIC_CANONICAL	Bildirim özeti|Tümünü okundu işaretle|Yeni sipariş	GET /api/seller/v1/dashboard	artifacts/seller-wave4/visual/069-runtime.png	NONE; debug BuildConfig gate only	Native AVD capture
ref_070	070	Dashboard loading skeleton	seller://dashboard	DEBUG_ONLY_SYNTHETIC_CANONICAL	Bilgileriniz hazırlanıyor...|Bu işlem genellikle birkaç saniye sürer.|Son siparişler	GET /api/seller/v1/dashboard	artifacts/seller-wave4/visual/070-runtime.png	NONE; debug BuildConfig gate only	Native AVD capture
ref_071	071	Dashboard recoverable API error	seller://dashboard	DEBUG_ONLY_SYNTHETIC_CANONICAL	Bilgiler şu anda yüklenemedi|Tekrar dene|Destek al	GET /api/seller/v1/dashboard	artifacts/seller-wave4/visual/071-runtime.png	NONE; debug BuildConfig gate only	Native AVD capture
ref_072	072	Dashboard offline cached state	seller://dashboard	DEBUG_ONLY_SYNTHETIC_CANONICAL	İnternet bağlantısı yok|Bağlantıyı kontrol et|Kayıtlı bilgileri gör	GET /api/seller/v1/dashboard	artifacts/seller-wave4/visual/072-runtime.png	NONE; debug BuildConfig gate only	Native AVD capture
ref_073	073	Dashboard date-range sheet	seller://dashboard	DEBUG_ONLY_SYNTHETIC_CANONICAL	Tarih aralığı seç|Başlangıç|Uygula	NONE N/A-BACKEND	artifacts/seller-wave4/visual/073-runtime.png	NONE; debug BuildConfig gate only	Native AVD capture
ref_243	243	Store overview	seller://store	DEBUG_ONLY_SYNTHETIC_CANONICAL	Mağazan yayında|Mağaza yönetimi|Mağaza Profilini Düzenle	GET /api/seller/v1/stores/{storeId}	artifacts/seller-wave4/visual/243-runtime.png	NONE; debug BuildConfig gate only	Native AVD capture
ref_244	244	Customer-facing store preview	seller://store	DEBUG_ONLY_SYNTHETIC_CANONICAL	NovaStore Demo Mağaza|Öne çıkan ürünler|Profili Düzenle	GET /api/seller/v1/stores/{storeId}	artifacts/seller-wave4/visual/244-runtime.png	NONE; debug BuildConfig gate only	Native AVD capture
ref_245	245	Store name and description form	seller://store	DEBUG_ONLY_SYNTHETIC_CANONICAL	Mağaza adı|Mağaza açıklaması|Değişiklikleri Kaydet	PATCH /api/seller/v1/stores/{storeId}	artifacts/seller-wave4/visual/245-runtime.png	NONE; debug BuildConfig gate only	Native AVD capture
ref_246	246	Store logo and cover editor	seller://store	DEBUG_ONLY_SYNTHETIC_CANONICAL	Mağaza logosu|Kapak görseli|Kapak Görselini Değiştir	PATCH /api/seller/v1/stores/{storeId}	artifacts/seller-wave4/visual/246-runtime.png	NONE; debug BuildConfig gate only	Native AVD capture
ref_247	247	Store contact form	seller://store	DEBUG_ONLY_SYNTHETIC_CANONICAL	Müşteriye görünen destek e-postası|Görünürlük ayarları|Bilgileri Doğrula ve Kaydet	PATCH /api/seller/v1/stores/{storeId}	artifacts/seller-wave4/visual/247-runtime.png	NONE; debug BuildConfig gate only	Native AVD capture
ref_248	248	Shipping policy form	seller://store	DEBUG_ONLY_SYNTHETIC_CANONICAL	Hazırlama süresi|Müşteriye gösterilecek özet|Politikayı Kaydet	PATCH /api/seller/v1/stores/{storeId}	artifacts/seller-wave4/visual/248-runtime.png	NONE; debug BuildConfig gate only	Native AVD capture
ref_249	249	Return policy form	seller://store	DEBUG_ONLY_SYNTHETIC_CANONICAL	Platform iade koşulları|Açıklamada bulunmaması gerekenler|Açıklamayı Kaydet	PATCH /api/seller/v1/stores/{storeId}	artifacts/seller-wave4/visual/249-runtime.png	NONE; debug BuildConfig gate only	Native AVD capture
ref_250	250	Store working status form	seller://store	DEBUG_ONLY_SYNTHETIC_CANONICAL	Açık|Geçici kapalı|Durumu Güncelle	PATCH /api/seller/v1/stores/{storeId}	artifacts/seller-wave4/visual/250-runtime.png	NONE; debug BuildConfig gate only	Native AVD capture
ref_251	251	Store temporary-close confirmation sheet	seller://store	DEBUG_ONLY_SYNTHETIC_CANONICAL	Mağazayı geçici kapat?|Açık siparişleri tamamla|Doğrula ve Geçici Kapat	PATCH /api/seller/v1/stores/{storeId}	artifacts/seller-wave4/visual/251-runtime.png	NONE; debug BuildConfig gate only	Native AVD capture
ref_282	282	Team member list	seller://team	DEBUG_ONLY_SYNTHETIC_CANONICAL	4 etkin üye|Ayşe Kaya|Ekip Üyesi Davet Et	GET /api/seller/v1/team/members	artifacts/seller-wave4/visual/282-runtime.png	NONE; debug BuildConfig gate only	Native AVD capture
ref_286	286	Team member detail	seller://team	DEBUG_ONLY_SYNTHETIC_CANONICAL	Ece Demir|Atanan erişim|Yetkileri Düzenle	GET /api/seller/v1/team/members	artifacts/seller-wave4/visual/286-runtime.png	NONE; debug BuildConfig gate only	Native AVD capture
ref_288	288	Pending invitation state	seller://team	DEBUG_ONLY_SYNTHETIC_CANONICAL	N. K. için davet bekliyor|Bekleyen daveti iptal et|Davet Bağlantısını Yenile	GET /api/seller/v1/team/members	artifacts/seller-wave4/visual/288-runtime.png	NONE; debug BuildConfig gate only	Native AVD capture
ref_289	289	Accepted invitation state	seller://team	DEBUG_ONLY_SYNTHETIC_CANONICAL	Ekip üyesi eklendi|Ece Demir|Ekip Üyesini Görüntüle	GET /api/seller/v1/team/members	artifacts/seller-wave4/visual/289-runtime.png	NONE; debug BuildConfig gate only	Native AVD capture
ref_074	074	Offer catalog list	seller://offers	DEBUG_ONLY_SYNTHETIC_CANONICAL	Ürünler|AKTİF TEKLİFLER|Katalog bütünlüğü	GET /api/seller/v1/offers	artifacts/seller-wave4/visual/074-runtime.png	NONE; debug BuildConfig gate only	Native AVD capture
ref_089	089	Detailed offer card	seller://offers	DEBUG_ONLY_SYNTHETIC_CANONICAL	NovaSound Pro Kulaklık|₺1.249,90|Detayı aç	GET /api/seller/v1/offers	artifacts/seller-wave4/visual/089-runtime.png	NONE; debug BuildConfig gate only	Native AVD capture
ref_124	124	Inventory summary	seller://inventory	DEBUG_ONLY_SYNTHETIC_CANONICAL	Stok ve Envanter|İlgilenmeniz gereken stoklar|Negatif stok kapalı	GET /api/seller/v1/inventory	artifacts/seller-wave4/visual/124-runtime.png	NONE; debug BuildConfig gate only	Native AVD capture
ref_142	142	Seller order list	seller://orders	DEBUG_ONLY_SYNTHETIC_CANONICAL	Siparişler|Sipariş numarası ara|Sipariş güvenliği	GET /api/seller/v1/orders	artifacts/seller-wave4/visual/142-runtime.png	NONE; debug BuildConfig gate only	Native AVD capture
ref_156	156	Seller order detail	seller://orders/detail	DEBUG_ONLY_SYNTHETIC_CANONICAL	Sipariş Detayı|Paketleme görevi|Güvenli sıra	GET /api/seller/v1/orders/{sellerOrderId}	artifacts/seller-wave4/visual/156-runtime.png	NONE; debug BuildConfig gate only	Native AVD capture
ref_185	185	Finance summary and ledger	seller://finance	DEBUG_ONLY_SYNTHETIC_CANONICAL	KULLANILABİLİR BAKİYE|Son finans hareketleri|Finansal doğruluk	GET /api/seller/v1/finance/summary	artifacts/seller-wave4/visual/185-runtime.png	NONE; debug BuildConfig gate only	Native AVD capture
ref_276	276	Seller support conversation history	seller://support	DEBUG_ONLY_SYNTHETIC_CANONICAL	Destek Geçmişi|Geçmiş destek görüşmeleri|Seçili Görüşmeyi Aç	GET /api/seller/v1/support/conversations	artifacts/seller-wave4/visual/276-runtime.png	NONE; debug BuildConfig gate only	Native AVD capture
ref_292	292	Account security center	seller://settings/security	DEBUG_ONLY_SYNTHETIC_CANONICAL	Hesap ve Güvenlik|Güvenlik merkezi|Oturum güvenliği	GET /api/seller/v1/security/sessions	artifacts/seller-wave4/visual/292-runtime.png	NONE; debug BuildConfig gate only	Native AVD capture
