OWNER_REFERENCE_ID	ATTACHMENT	SHA256	MATCHED_REFERENCE	ROUTE	STATE	CATEGORY	SUPERSEDES	BINDING_STATUS	NOTES
OWNER-001-RUNTIME	docs/seller/wave4/evidence/representative/001-runtime.png	f4df88f5ebc5ea062f89cac73b8406cbd37493bed2f16b8abc5b15ab77c96be9	001	seller://auth/login	login	EXACT_DUPLICATE	NONE	OWNER_SUPPLIED_DUPLICATE_EVIDENCE_NO_SUPERSESSION	MATCH_CONFIDENCE=1.00; MATCH_REASON=exact duplicate of the already committed normalized runtime evidence; SOURCE_RECONCILIATION=PNG_ONLY, canonical target unchanged
OWNER-001-OVERLAY	docs/seller/wave4/evidence/representative/001-overlay.png	f4b0297a9aad3dea53abf897b98729941eeb608f3294032d4a66635f80cb58ad	001	seller://auth/login	login	EXACT_DUPLICATE	NONE	OWNER_SUPPLIED_DUPLICATE_EVIDENCE_NO_SUPERSESSION	MATCH_CONFIDENCE=1.00; MATCH_REASON=exact duplicate of the already committed algorithmic canonical/runtime overlay, not a standalone phone state; SOURCE_RECONCILIATION=PNG_ONLY, canonical target unchanged
OWNER-001-SIDE-BY-SIDE	docs/seller/wave4/evidence/representative/001-side-by-side.png	29e1df259f493dbf8d982039ec2d638482b3f2575d5ad6c8cca1a5c5df8f2f29	001	seller://auth/login	login	EXACT_DUPLICATE	NONE	OWNER_SUPPLIED_DUPLICATE_EVIDENCE_NO_SUPERSESSION	MATCH_CONFIDENCE=1.00; MATCH_REASON=exact duplicate of the already committed comparison composite, left panel is canonical 001 and right panel is runtime; SOURCE_RECONCILIATION=PNG_ONLY, canonical target unchanged
OWNER-055-RUNTIME	docs/seller/wave4/evidence/representative/055-runtime.png	6ab3ed659eb8e8a1043d7a0f8cafcd63f1c0ab9e4c6af2ff548eb4508f152547	055	seller://dashboard	ref_055	EXACT_DUPLICATE	NONE	OWNER_SUPPLIED_DUPLICATE_EVIDENCE_NO_SUPERSESSION	MATCH_CONFIDENCE=1.00; MATCH_REASON=exact duplicate of the already committed normalized runtime evidence; SOURCE_RECONCILIATION=PNG_ONLY, canonical target unchanged
OWNER-055-OVERLAY	docs/seller/wave4/evidence/representative/055-overlay.png	d55fc993487ffc5451b8ce15cd7059b8634963acf13b3b725af9cbbf3e111bb2	055	seller://dashboard	ref_055	EXACT_DUPLICATE	NONE	OWNER_SUPPLIED_DUPLICATE_EVIDENCE_NO_SUPERSESSION	MATCH_CONFIDENCE=1.00; MATCH_REASON=exact duplicate of the already committed algorithmic canonical/runtime overlay, not a standalone phone state; SOURCE_RECONCILIATION=PNG_ONLY, canonical target unchanged
OWNER-055-SIDE-BY-SIDE	docs/seller/wave4/evidence/representative/055-side-by-side.png	c62ea56aff49a9e33fb954ad5112629da0ec1f2212ce85aa2692e602efba56c7	055	seller://dashboard	ref_055	EXACT_DUPLICATE	NONE	OWNER_SUPPLIED_DUPLICATE_EVIDENCE_NO_SUPERSESSION	MATCH_CONFIDENCE=1.00; MATCH_REASON=exact duplicate of the already committed comparison composite, left panel is canonical 055 and right panel is runtime; SOURCE_RECONCILIATION=PNG_ONLY, canonical target unchanged
OWNER-282-RUNTIME	docs/seller/wave4/evidence/representative/282-runtime.png	46ce23df453316d47713c58e8bbc37c54da836809c34b4263350afc54daed041	282	seller://team	ref_282	EXACT_DUPLICATE	NONE	OWNER_SUPPLIED_DUPLICATE_EVIDENCE_NO_SUPERSESSION	MATCH_CONFIDENCE=1.00; MATCH_REASON=exact duplicate of the already committed normalized runtime evidence; SOURCE_RECONCILIATION=FULL_SCREEN_SVG 176ca75481c20b249f9d954ae7064cf35b2c1360de98b3c50f481f16e1b9649a, SVG_TO_CANONICAL_PNG=3.158523%, canonical target unchanged
OWNER-282-OVERLAY	docs/seller/wave4/evidence/representative/282-overlay.png	1aff80ae7b5ef968dd5fa3b92a9b1d8dcf95b78875a0f622bcf5bf12788df475	282	seller://team	ref_282	EXACT_DUPLICATE	NONE	OWNER_SUPPLIED_DUPLICATE_EVIDENCE_NO_SUPERSESSION	MATCH_CONFIDENCE=1.00; MATCH_REASON=exact duplicate of the already committed algorithmic canonical/runtime overlay, not a standalone phone state; SOURCE_RECONCILIATION=FULL_SCREEN_SVG, SVG_TO_CANONICAL_PNG=3.158523%, canonical target unchanged
OWNER-282-SIDE-BY-SIDE	docs/seller/wave4/evidence/representative/282-side-by-side.png	8ceaebbc724ba9aa78c580c1ba341b454994fd101b96e35c7fe75840b408522f	282	seller://team	ref_282	EXACT_DUPLICATE	NONE	OWNER_SUPPLIED_DUPLICATE_EVIDENCE_NO_SUPERSESSION	MATCH_CONFIDENCE=1.00; MATCH_REASON=exact duplicate of the already committed comparison composite, left panel is canonical 282 and right panel is runtime; SOURCE_RECONCILIATION=FULL_SCREEN_SVG, SVG_TO_CANONICAL_PNG=3.158523%, canonical target unchanged
