id	canonical_source	canonical_origin	ekran_veya_state	tur	giris_noktasi	ana_hedef	yardim_kimligi	olcu	qa
001	source/phone/seller-phone-001-giris-default-screen.png	Dalga 1 kanonik telefon kaynağı	Satıcı girişi — varsayılan	screen	Uygulama açılışı	Giriş Yap → Genel Bakış veya 2FA	-	Referans boyutu	SOURCE
002	source/phone/seller-phone-002-giris-form-hatasi-state.png	Tur 1-3 kanonik telefon kaynağı	Satıcı girişi — form doğrulama hatası	state	001 hatalı gönderim	Alanları düzelt → 001	-	Referans boyutu	SOURCE
003	source/phone/seller-phone-003-giris-loading-state.png	Tur 1-3 kanonik telefon kaynağı	Satıcı girişi — yükleniyor	state	001 Giriş Yap	Başarılı/2FA/hata	-	Referans boyutu	SOURCE
004	source/phone/seller-phone-004-giris-baglanti-hatasi-state.png	Tur 1-3 kanonik telefon kaynağı	Satıcı girişi — bağlantı hatası	state	001 ağ hatası	Tekrar Dene → 003	-	Referans boyutu	SOURCE
005	source/phone/seller-phone-005-sifremi-unuttum-screen.png	Dalga 1 kanonik telefon kaynağı	Şifremi unuttum	screen	001 Şifremi unuttum	Kod Gönder → 006	-	Referans boyutu	SOURCE
006	source/phone/seller-phone-006-sifre-kodu-screen.png	Dalga 1 kanonik telefon kaynağı	Şifre sıfırlama kodu	screen	005 kod gönderimi	Devam Et → 010	-	Referans boyutu	SOURCE
007	source/phone/seller-phone-007-sifre-kodu-hatali-state.png	Tur 1-3 kanonik telefon kaynağı	Şifre kodu hatalı	state	006 hatalı OTP	Tekrar Gir → 006	-	Referans boyutu	SOURCE
008	source/phone/seller-phone-008-sifre-kodu-suresi-doldu-state.png	Tur 1-3 kanonik telefon kaynağı	Şifre kodu süresi doldu	state	006 sayaç bitti	Yeni Kod Gönder → 009	-	Referans boyutu	SOURCE
009	source/phone/seller-phone-009-sifre-kodu-yeniden-gonderildi-state.png	Tur 1-3 kanonik telefon kaynağı	Şifre kodu yeniden gönderildi	state	008 yeniden gönder	Kodu Gir → 006	-	Referans boyutu	SOURCE
010	source/phone/seller-phone-010-yeni-sifre-screen.png	Dalga 1 kanonik telefon kaynağı	Yeni şifre oluştur	screen	006 geçerli OTP	Şifreyi Kaydet → 011	-	Referans boyutu	SOURCE
011	source/phone/seller-phone-011-sifre-degistirildi-state.png	Tur 1-3 kanonik telefon kaynağı	Şifre değiştirildi	state	010 başarılı kayıt	Giriş Yap → 001	-	Referans boyutu	SOURCE
012	source/phone/seller-phone-012-satici-hesabi-olustur-screen.png	Dalga 1 kanonik telefon kaynağı	Yeni satıcı hesabı oluştur	screen	001 Başvuru Yap	Devam Et → 013	-	Referans boyutu	SOURCE
013	source/phone/seller-phone-013-satici-turu-sec-screen.png	Tur 1-3 kanonik telefon kaynağı	Bireysel/şirket satıcısı seçimi	screen	012 Devam Et	Devam Et → 014	-	Referans boyutu	SOURCE
014	source/phone/seller-phone-014-eposta-dogrulama-screen.png	Tur 1-3 kanonik telefon kaynağı	E-posta doğrulama	screen	013 hesap türü	Doğrula → 015	-	Referans boyutu	SOURCE
015	source/phone/seller-phone-015-telefon-dogrulama-screen.png	Tur 1-3 kanonik telefon kaynağı	Telefon doğrulama	screen	014 başarılı	Doğrula → 027	-	Referans boyutu	SOURCE
016	source/phone/seller-phone-016-dogrulama-kodu-hatali-state.png	Tur 1-3 kanonik telefon kaynağı	Hesap doğrulama kodu hatalı	state	014/015 hatalı OTP	Tekrar Gir	-	Referans boyutu	SOURCE
017	source/phone/seller-phone-017-dogrulama-kodu-suresi-doldu-state.png	Tur 1-3 kanonik telefon kaynağı	Hesap doğrulama kodu süresi doldu	state	014/015 sayaç bitti	Yeni Kod Gönder → 018	-	Referans boyutu	SOURCE
018	source/phone/seller-phone-018-dogrulama-kodu-yeniden-gonderildi-state.png	Tur 1-3 kanonik telefon kaynağı	Hesap doğrulama kodu yeniden gönderildi	state	017 yeniden gönder	Kodu Gir	-	Referans boyutu	SOURCE
019	source/phone/seller-phone-019-iki-adimli-giris-screen.png	Tur 1-3 kanonik telefon kaynağı	İki adımlı doğrulamayla giriş	screen	001 güvenlik kapısı	Doğrula → Genel Bakış	-	Referans boyutu	SOURCE
020	source/phone/seller-phone-020-cihaz-oturum-dogrulama-screen.png	Tur 1-3 kanonik telefon kaynağı	Yeni cihaz/oturum doğrulama	screen	Yeni cihaz girişi	Bu Cihazı Doğrula	-	Referans boyutu	SOURCE
021	source/phone/seller-phone-021-oturum-suresi-doldu-modal.png	Tur 1-3 kanonik telefon kaynağı	Oturum süresi doldu	modal	Korumalı işlem	Yeniden Giriş → 001	-	Referans boyutu	SOURCE
022	source/phone/seller-phone-022-cikis-onayi-sheet.png	Tur 1-3 kanonik telefon kaynağı	Çıkış yapma onayı	sheet	Mağazam/Ayarlar	Çıkış Yap → 001	-	Referans boyutu	SOURCE
023	source/phone/seller-phone-023-basvuru-inceleniyor-state.png	Dalga 1 kanonik telefon kaynağı	Satıcı başvurusu inceleniyor	state	Başvuru gönderildi	Başvuru Detayları	-	Referans boyutu	SOURCE
024	source/phone/seller-phone-024-basvuru-onaylandi-state.png	Tur 1-3 kanonik telefon kaynağı	Satıcı başvurusu onaylandı	state	İnceleme sonucu	Mağazama Git → Genel Bakış	-	Referans boyutu	SOURCE
025	source/phone/seller-phone-025-basvuru-duzeltme-gerekli-state.png	Tur 1-3 kanonik telefon kaynağı	Başvuru reddedildi/düzeltme gerekli	state	İnceleme sonucu	Eksikleri Düzelt → ilgili onboarding adımı	-	Referans boyutu	SOURCE
026	source/phone/seller-phone-026-hesap-askiya-alindi-state.png	Tur 1-3 kanonik telefon kaynağı	Satıcı hesabı askıya alındı	state	Giriş/güvenlik kontrolü	Satıcı Desteği	-	Referans boyutu	SOURCE
027	source/phone/seller-phone-027-kurulum-ozeti-screen.png	Dalga 1 kanonik telefon kaynağı	Onboarding ilerleme özeti	screen	015 doğrulama veya devam eden taslak	Aktif adıma devam	-	Referans boyutu	SOURCE
028	source/phone/seller-phone-028-magaza-adi-kullanici-adi-screen.png	Tur 1-3 kanonik telefon kaynağı	Mağaza adı ve kullanıcı adı	screen	027 Mağaza Profili	Kaydet → 029	-	Referans boyutu	SOURCE
029	source/phone/seller-phone-029-logo-kaynak-sec-sheet.png	Tur 1-3 kanonik telefon kaynağı	Mağaza logosu kaynak seçimi	sheet	028 Logo Ekle	Kamera/Galeri → 030	-	Referans boyutu	SOURCE
030	source/phone/seller-phone-030-logo-kirp-screen.png	Tur 1-3 kanonik telefon kaynağı	Mağaza logosu kırpma	screen	029 görsel seçildi	Uygula → 028	-	Referans boyutu	SOURCE
031	source/phone/seller-phone-031-kapak-gorseli-yukle-screen.png	Tur 1-3 kanonik telefon kaynağı	Mağaza kapak görseli yükleme	screen	028 Kapak Ekle	Kaydet → 032	-	Referans boyutu	SOURCE
032	source/phone/seller-phone-032-isletme-turu-yasal-unvan-screen.png	Tur 1-3 kanonik telefon kaynağı	İşletme türü ve yasal unvan	screen	027 İşletme ve Vergi	Devam Et → 033	-	Referans boyutu	SOURCE
033	source/phone/seller-phone-033-vergi-bilgileri-screen.png	Tur 1-3 kanonik telefon kaynağı	Vergi bilgileri	screen	032 Devam Et	Doğrula → 034/035	-	Referans boyutu	SOURCE
034	source/phone/seller-phone-034-vergi-dogrulama-basarili-state.png	Tur 1-3 kanonik telefon kaynağı	Vergi doğrulama başarılı	state	033 doğrulama	Devam Et → 036	-	Referans boyutu	SOURCE
035	source/phone/seller-phone-035-vergi-dogrulama-basarisiz-state.png	Tur 1-3 kanonik telefon kaynağı	Vergi doğrulama başarısız	state	033 doğrulama	Bilgileri Düzelt → 033	-	Referans boyutu	SOURCE
036	source/phone/seller-phone-036-yetkili-kisi-screen.png	Tur 1-3 kanonik telefon kaynağı	Yetkili kişi bilgileri	screen	034 Devam Et	Kaydet → 037	-	Referans boyutu	SOURCE
037	source/phone/seller-phone-037-isletme-adresi-screen.png	Tur 1-3 kanonik telefon kaynağı	İşletme adresi	screen	027 Adresler	Kaydet → 038	-	Referans boyutu	SOURCE
038	source/phone/seller-phone-038-kargo-cikis-adresi-screen.png	Tur 1-3 kanonik telefon kaynağı	Kargo çıkış adresi	screen	037 Devam Et	Kaydet → 039	-	Referans boyutu	SOURCE
039	source/phone/seller-phone-039-iade-adresi-screen.png	Tur 1-3 kanonik telefon kaynağı	İade adresi	screen	038 Devam Et	Kaydet → 040	-	Referans boyutu	SOURCE
040	source/phone/seller-phone-040-banka-hesabi-ekle-screen.png	Dalga 1 kanonik telefon kaynağı	Payout banka hesabı ekleme	screen	027 Ödeme Hesabı	Doğrula → 041/042	-	Referans boyutu	SOURCE
041	source/phone/seller-phone-041-banka-hesabi-maskeli-screen.png	Tur 1-3 kanonik telefon kaynağı	Banka hesabı maskeli özet	screen	040 bilgiler girildi	Doğrulamayı Başlat → 042	-	Referans boyutu	SOURCE
042	source/phone/seller-phone-042-banka-dogrulama-bekliyor-state.png	Tur 1-3 kanonik telefon kaynağı	Banka doğrulama bekliyor	state	041 güvenlik doğrulaması	Durumu Yenile	-	Referans boyutu	SOURCE
043	source/phone/seller-phone-043-banka-dogrulama-basarili-state.png	Tur 1-3 kanonik telefon kaynağı	Banka doğrulama başarılı	state	042 sonuç	Devam Et → 045	-	Referans boyutu	SOURCE
044	source/phone/seller-phone-044-banka-dogrulama-basarisiz-state.png	Tur 1-3 kanonik telefon kaynağı	Banka doğrulama başarısız	state	042 sonuç	Bilgileri Düzelt → 040	-	Referans boyutu	SOURCE
045	source/phone/seller-phone-045-belge-yukle-screen.png	Tur 1-3 kanonik telefon kaynağı	Kimlik/şirket belgesi yükleme	screen	027 Belgeler ve Sözleşme	Yükle → 046	-	Referans boyutu	SOURCE
046	source/phone/seller-phone-046-belge-yukleme-ilerleme-state.png	Tur 1-3 kanonik telefon kaynağı	Belge yükleme ilerlemesi	state	045 dosya seçildi	Tamamlandı → 048 veya hata	-	Referans boyutu	SOURCE
047	source/phone/seller-phone-047-belge-reddedildi-state.png	Tur 1-3 kanonik telefon kaynağı	Belge reddedildi ve yeniden yükleme	state	Belge inceleme sonucu	Yeniden Yükle → 045	-	Referans boyutu	SOURCE
048	source/phone/seller-phone-048-satici-sozlesmesi-screen.png	Tur 1-3 kanonik telefon kaynağı	Satıcı sözleşmesi ve koşullar	screen	Belgeler tamamlandı	Onayla → 049	-	Referans boyutu	SOURCE
049	source/phone/seller-phone-049-kurulum-tamamlandi-state.png	Tur 1-3 kanonik telefon kaynağı	Kurulum tamamlandı/başvuru gönderildi	state	048 onay	Başvuru Durumu → 023	-	Referans boyutu	SOURCE
050	source/phone/seller-phone-050-eksik-adim-uyarisi-modal.png	Tur 1-3 kanonik telefon kaynağı	Eksik onboarding adımı uyarısı	modal	Başvuruyu gönder	Eksik Adıma Git	-	Referans boyutu	SOURCE
051	source/phone/seller-phone-051-onboarding-form-hatasi-state.png	Tur 1-3 kanonik telefon kaynağı	Onboarding form doğrulama hatası	state	Herhangi bir form	İşaretli alanları düzelt	-	Referans boyutu	SOURCE
052	source/phone/seller-phone-052-kaydedilmemis-degisiklik-modal.png	Tur 1-3 kanonik telefon kaynağı	Kaydedilmemiş değişiklik uyarısı	modal	Formdan geri	Kaydet/Çık/Vazgeç	-	Referans boyutu	SOURCE
053	source/phone/seller-phone-053-kurulum-loading-resume-state.png	Tur 1-3 kanonik telefon kaynağı	Kurulum yükleniyor/taslak sürdürülüyor	state	027 açılış	Son güvenli adıma dön	-	Referans boyutu	SOURCE
054	source/phone/seller-phone-054-kurulum-offline-cached-state.png	Tur 1-3 kanonik telefon kaynağı	Kurulum çevrimdışı/önbellekli	state	Onboarding ağ kaybı	Bağlanınca Eşitle	-	Referans boyutu	SOURCE
055	source/phone/seller-phone-055-dashboard-dolu-help-screen.png	telefon-tam-teslim/Dalga 2	dashboard dolu help screen	screen/state dosya adında	Kaynak görsel ve tarihsel brief	Kaynak görseldeki akışı uygula	-	Referans boyutu	SOURCE
056	source/phone/seller-phone-056-bugunku-satis-yardim-sheet.png	Doğrulanmış özgün üretim kopyası; Dalga 2 bozuk PNG'sini tamamlar	bugunku satis yardim sheet	screen/state dosya adında	Kaynak görsel ve tarihsel brief	Kaynak görseldeki akışı uygula	-	853x1844	RECOVERED-PASS
057	source/phone/seller-phone-057-dashboard-ilk-kullanim-screen.png	telefon-tam-teslim/Dalga 2	dashboard ilk kullanim screen	screen/state dosya adında	Kaynak görsel ve tarihsel brief	Kaynak görseldeki akışı uygula	-	Referans boyutu	SOURCE
058	source/phone/seller-phone-058-dashboard-bu-ay-satis-screen.png	telefon-tam-teslim/Dalga 2	dashboard bu ay satis screen	screen/state dosya adında	Kaynak görsel ve tarihsel brief	Kaynak görseldeki akışı uygula	-	Referans boyutu	SOURCE
059	source/phone/seller-phone-059-dashboard-bekleyen-siparisler-screen.png	telefon-tam-teslim/Dalga 2	dashboard bekleyen siparisler screen	screen/state dosya adında	Kaynak görsel ve tarihsel brief	Kaynak görseldeki akışı uygula	-	Referans boyutu	SOURCE
060	source/phone/seller-phone-060-dashboard-kargoya-verilecek-screen.png	telefon-tam-teslim/Dalga 2	dashboard kargoya verilecek screen	screen/state dosya adında	Kaynak görsel ve tarihsel brief	Kaynak görseldeki akışı uygula	-	Referans boyutu	SOURCE
061	source/phone/seller-phone-061-dashboard-dusuk-stok-screen.png	telefon-tam-teslim/Dalga 2	dashboard dusuk stok screen	screen/state dosya adında	Kaynak görsel ve tarihsel brief	Kaynak görseldeki akışı uygula	-	Referans boyutu	SOURCE
062	source/phone/seller-phone-062-dashboard-magaza-puani-screen.png	telefon-tam-teslim/Dalga 2	dashboard magaza puani screen	screen/state dosya adında	Kaynak görsel ve tarihsel brief	Kaynak görseldeki akışı uygula	-	Referans boyutu	SOURCE
063	source/phone/seller-phone-063-dashboard-bakiye-screen.png	telefon-tam-teslim/Dalga 2	dashboard bakiye screen	screen/state dosya adında	Kaynak görsel ve tarihsel brief	Kaynak görseldeki akışı uygula	-	Referans boyutu	SOURCE
064	source/phone/seller-phone-064-dashboard-yaklasan-odeme-screen.png	telefon-tam-teslim/Dalga 2	dashboard yaklasan odeme screen	screen/state dosya adında	Kaynak görsel ve tarihsel brief	Kaynak görseldeki akışı uygula	-	Referans boyutu	SOURCE
065	source/phone/seller-phone-065-dashboard-satis-grafigi-filtre-screen.png	telefon-tam-teslim/Dalga 2	dashboard satis grafigi filtre screen	screen/state dosya adında	Kaynak görsel ve tarihsel brief	Kaynak görseldeki akışı uygula	-	Referans boyutu	SOURCE
066	source/phone/seller-phone-066-dashboard-urun-performansi-screen.png	telefon-tam-teslim/Dalga 2	dashboard urun performansi screen	screen/state dosya adında	Kaynak görsel ve tarihsel brief	Kaynak görseldeki akışı uygula	-	Referans boyutu	SOURCE
067	source/phone/seller-phone-067-dashboard-hizli-islemler-sheet.png	telefon-tam-teslim/Dalga 2	dashboard hizli islemler sheet	screen/state dosya adında	Kaynak görsel ve tarihsel brief	Kaynak görseldeki akışı uygula	-	Referans boyutu	SOURCE
068	source/phone/seller-phone-068-dashboard-onemli-gorevler-screen.png	telefon-tam-teslim/Dalga 2	dashboard onemli gorevler screen	screen/state dosya adında	Kaynak görsel ve tarihsel brief	Kaynak görseldeki akışı uygula	-	Referans boyutu	SOURCE
069	source/phone/seller-phone-069-dashboard-bildirim-ozeti-screen.png	telefon-tam-teslim/Dalga 2	dashboard bildirim ozeti screen	screen/state dosya adında	Kaynak görsel ve tarihsel brief	Kaynak görseldeki akışı uygula	-	Referans boyutu	SOURCE
070	source/phone/seller-phone-070-dashboard-loading-state.png	telefon-tam-teslim/Dalga 2	dashboard loading state	screen/state dosya adında	Kaynak görsel ve tarihsel brief	Kaynak görseldeki akışı uygula	-	Referans boyutu	SOURCE
071	source/phone/seller-phone-071-dashboard-api-hata-state.png	telefon-tam-teslim/Dalga 2	dashboard api hata state	screen/state dosya adında	Kaynak görsel ve tarihsel brief	Kaynak görseldeki akışı uygula	-	Referans boyutu	SOURCE
072	source/phone/seller-phone-072-dashboard-offline-state.png	telefon-tam-teslim/Dalga 2	dashboard offline state	screen/state dosya adında	Kaynak görsel ve tarihsel brief	Kaynak görseldeki akışı uygula	-	Referans boyutu	SOURCE
073	source/phone/seller-phone-073-dashboard-tarih-araligi-sheet.png	telefon-tam-teslim/Dalga 2	dashboard tarih araligi sheet	screen/state dosya adında	Kaynak görsel ve tarihsel brief	Kaynak görseldeki akışı uygula	-	Referans boyutu	SOURCE
074	source/phone/seller-phone-074-urunler-ana-liste-screen.png	telefon-tam-teslim/Dalga 2	urunler ana liste screen	screen/state dosya adında	Kaynak görsel ve tarihsel brief	Kaynak görseldeki akışı uygula	-	Referans boyutu	SOURCE
075	source/phone/seller-phone-075-urunler-yayinda-screen.png	telefon-tam-teslim/Dalga 2	urunler yayinda screen	screen/state dosya adında	Kaynak görsel ve tarihsel brief	Kaynak görseldeki akışı uygula	-	Referans boyutu	SOURCE
076	source/phone/seller-phone-076-urunler-taslak-screen.png	telefon-tam-teslim/Dalga 2	urunler taslak screen	screen/state dosya adında	Kaynak görsel ve tarihsel brief	Kaynak görseldeki akışı uygula	-	Referans boyutu	SOURCE
077	source/phone/seller-phone-077-urunler-stokta-yok-screen.png	telefon-tam-teslim/Dalga 2	urunler stokta yok screen	screen/state dosya adında	Kaynak görsel ve tarihsel brief	Kaynak görseldeki akışı uygula	-	Referans boyutu	SOURCE
078	source/phone/seller-phone-078-urunler-yayini-durduruldu-screen.png	telefon-tam-teslim/Dalga 2	urunler yayini durduruldu screen	screen/state dosya adında	Kaynak görsel ve tarihsel brief	Kaynak görseldeki akışı uygula	-	Referans boyutu	SOURCE
079	source/phone/seller-phone-079-urunler-arsiv-screen.png	telefon-tam-teslim/Dalga 2	urunler arsiv screen	screen/state dosya adında	Kaynak görsel ve tarihsel brief	Kaynak görseldeki akışı uygula	-	Referans boyutu	SOURCE
080	source/phone/seller-phone-080-urunler-inceleme-gerekiyor-screen.png	Doğrulanmış özgün üretim kopyası; Dalga 2 bozuk PNG'sini tamamlar	urunler inceleme gerekiyor screen	screen/state dosya adında	Kaynak görsel ve tarihsel brief	Kaynak görseldeki akışı uygula	-	852x1846	RECOVERED-PASS
081	source/phone/seller-phone-081-urun-arama-screen.png	telefon-tam-teslim/Dalga 2	urun arama screen	screen/state dosya adında	Kaynak görsel ve tarihsel brief	Kaynak görseldeki akışı uygula	-	Referans boyutu	SOURCE
082	source/phone/seller-phone-082-urun-filtreleri-sheet.png	telefon-tam-teslim/Dalga 2	urun filtreleri sheet	screen/state dosya adında	Kaynak görsel ve tarihsel brief	Kaynak görseldeki akışı uygula	-	Referans boyutu	SOURCE
083	source/phone/seller-phone-083-urun-filtre-secili-screen.png	telefon-tam-teslim/Dalga 2	urun filtre secili screen	screen/state dosya adında	Kaynak görsel ve tarihsel brief	Kaynak görseldeki akışı uygula	-	Referans boyutu	SOURCE
084	source/phone/seller-phone-084-urun-filtre-temizle-sheet.png	telefon-tam-teslim/Dalga 2	urun filtre temizle sheet	screen/state dosya adında	Kaynak görsel ve tarihsel brief	Kaynak görseldeki akışı uygula	-	Referans boyutu	SOURCE
085	source/phone/seller-phone-085-urun-listesi-bos-state.png	telefon-tam-teslim/Dalga 2	urun listesi bos state	screen/state dosya adında	Kaynak görsel ve tarihsel brief	Kaynak görseldeki akışı uygula	-	Referans boyutu	SOURCE
086	source/phone/seller-phone-086-urun-arama-sonuc-yok-state.png	telefon-tam-teslim/Dalga 2	urun arama sonuc yok state	screen/state dosya adında	Kaynak görsel ve tarihsel brief	Kaynak görseldeki akışı uygula	-	Referans boyutu	SOURCE
087	source/phone/seller-phone-087-urun-listesi-loading-state.png	telefon-tam-teslim/Dalga 2	urun listesi loading state	screen/state dosya adında	Kaynak görsel ve tarihsel brief	Kaynak görseldeki akışı uygula	-	Referans boyutu	SOURCE
088	source/phone/seller-phone-088-urun-listesi-hata-state.png	telefon-tam-teslim/Dalga 2	urun listesi hata state	screen/state dosya adında	Kaynak görsel ve tarihsel brief	Kaynak görseldeki akışı uygula	-	Referans boyutu	SOURCE
089	source/phone/seller-phone-089-urun-karti-ayrintili-state.png	telefon-tam-teslim/Dalga 2	urun karti ayrintili state	screen/state dosya adında	Kaynak görsel ve tarihsel brief	Kaynak görseldeki akışı uygula	-	Referans boyutu	SOURCE
090	source/phone/seller-phone-090-urun-hizli-islem-menu-sheet.png	telefon-tam-teslim/Dalga 2	urun hizli islem menu sheet	screen/state dosya adında	Kaynak görsel ve tarihsel brief	Kaynak görseldeki akışı uygula	-	Referans boyutu	SOURCE
091	source/phone/seller-phone-091-urun-toplu-secim-state.png	telefon-tam-teslim/Dalga 2	urun toplu secim state	screen/state dosya adında	Kaynak görsel ve tarihsel brief	Kaynak görseldeki akışı uygula	-	Referans boyutu	SOURCE
092	source/phone/seller-phone-092-urun-toplu-aktif-pasif-sheet.png	telefon-tam-teslim/Dalga 2	urun toplu aktif pasif sheet	screen/state dosya adında	Kaynak görsel ve tarihsel brief	Kaynak görseldeki akışı uygula	-	Referans boyutu	SOURCE
093	source/phone/seller-phone-093-urun-toplu-stok-screen.png	telefon-tam-teslim/Dalga 2	urun toplu stok screen	screen/state dosya adında	Kaynak görsel ve tarihsel brief	Kaynak görseldeki akışı uygula	-	Referans boyutu	SOURCE
094	source/phone/seller-phone-094-urun-toplu-fiyat-screen.png	telefon-tam-teslim/Dalga 2	urun toplu fiyat screen	screen/state dosya adında	Kaynak görsel ve tarihsel brief	Kaynak görseldeki akışı uygula	-	Referans boyutu	SOURCE
095	source/phone/seller-phone-095-urun-toplu-arsiv-onay-modal.png	telefon-tam-teslim/Dalga 2	urun toplu arsiv onay modal	screen/state dosya adında	Kaynak görsel ve tarihsel brief	Kaynak görseldeki akışı uygula	-	Referans boyutu	SOURCE
096	source/phone/seller-phone-096-urun-detayi-screen.png	telefon-tam-teslim/Dalga 2	urun detayi screen	screen/state dosya adında	Kaynak görsel ve tarihsel brief	Kaynak görseldeki akışı uygula	-	Referans boyutu	SOURCE
097	source/phone/seller-phone-097-urun-yayin-durumu-screen.png	telefon-tam-teslim/Dalga 2	urun yayin durumu screen	screen/state dosya adında	Kaynak görsel ve tarihsel brief	Kaynak görseldeki akışı uygula	-	Referans boyutu	SOURCE
098	source/phone/seller-phone-098-urun-satis-performansi-screen.png	telefon-tam-teslim/Dalga 2	urun satis performansi screen	screen/state dosya adında	Kaynak görsel ve tarihsel brief	Kaynak görseldeki akışı uygula	-	Referans boyutu	SOURCE
099	source/phone/seller-phone-099-urun-varyantlari-screen.png	telefon-tam-teslim/Dalga 2	urun varyantlari screen	screen/state dosya adında	Kaynak görsel ve tarihsel brief	Kaynak görseldeki akışı uygula	-	Referans boyutu	SOURCE
100	source/phone/seller-phone-100-urun-stok-ozeti-screen.png	telefon-tam-teslim/Dalga 2	urun stok ozeti screen	screen/state dosya adında	Kaynak görsel ve tarihsel brief	Kaynak görseldeki akışı uygula	-	Referans boyutu	SOURCE
101	source/phone/seller-phone-101-urun-degerlendirmeleri-screen.png	telefon-tam-teslim/Dalga 2	urun degerlendirmeleri screen	screen/state dosya adında	Kaynak görsel ve tarihsel brief	Kaynak görseldeki akışı uygula	-	Referans boyutu	SOURCE
102	source/phone/seller-phone-102-urun-sorulari-screen.png	telefon-tam-teslim/Dalga 2	urun sorulari screen	screen/state dosya adında	Kaynak görsel ve tarihsel brief	Kaynak görseldeki akışı uygula	-	Referans boyutu	SOURCE
103	source/phone/seller-phone-103-urun-duzenleme-ozeti-screen.png	telefon-tam-teslim/Dalga 2	urun duzenleme ozeti screen	screen/state dosya adında	Kaynak görsel ve tarihsel brief	Kaynak görseldeki akışı uygula	-	Referans boyutu	SOURCE
104	source/phone/seller-phone-104-urun-gorselleri-screen.png	telefon-tam-teslim/Dalga 2	urun gorselleri screen	screen/state dosya adında	Kaynak görsel ve tarihsel brief	Kaynak görseldeki akışı uygula	-	Referans boyutu	SOURCE
105	source/phone/seller-phone-105-urun-baslik-aciklama-screen.png	telefon-tam-teslim/Dalga 2	urun baslik aciklama screen	screen/state dosya adında	Kaynak görsel ve tarihsel brief	Kaynak görseldeki akışı uygula	-	Referans boyutu	SOURCE
106	source/phone/seller-phone-106-urun-kategori-secimi-screen.png	telefon-tam-teslim/Dalga 2	urun kategori secimi screen	screen/state dosya adında	Kaynak görsel ve tarihsel brief	Kaynak görseldeki akışı uygula	-	Referans boyutu	SOURCE
107	source/phone/seller-phone-107-urun-marka-ozellikler-screen.png	telefon-tam-teslim/Dalga 2	urun marka ozellikler screen	screen/state dosya adında	Kaynak görsel ve tarihsel brief	Kaynak görseldeki akışı uygula	-	Referans boyutu	SOURCE
108	source/phone/seller-phone-108-urun-varyant-olustur-screen.png	telefon-tam-teslim/Dalga 2	urun varyant olustur screen	screen/state dosya adında	Kaynak görsel ve tarihsel brief	Kaynak görseldeki akışı uygula	-	Referans boyutu	SOURCE
109	source/phone/seller-phone-109-urun-renk-beden-varyant-screen.png	telefon-tam-teslim/Dalga 2	urun renk beden varyant screen	screen/state dosya adında	Kaynak görsel ve tarihsel brief	Kaynak görseldeki akışı uygula	-	Referans boyutu	SOURCE
110	source/phone/seller-phone-110-varyant-sku-barkod-fiyat-stok-screen.png	telefon-tam-teslim/Dalga 2	varyant sku barkod fiyat stok screen	screen/state dosya adında	Kaynak görsel ve tarihsel brief	Kaynak görseldeki akışı uygula	-	Referans boyutu	SOURCE
111	source/phone/seller-phone-111-urun-fiyat-indirim-vergi-screen.png	telefon-tam-teslim/Dalga 2	urun fiyat indirim vergi screen	screen/state dosya adında	Kaynak görsel ve tarihsel brief	Kaynak görseldeki akışı uygula	-	Referans boyutu	SOURCE
112	source/phone/seller-phone-112-urun-kargo-bilgileri-screen.png	telefon-tam-teslim/Dalga 2	urun kargo bilgileri screen	screen/state dosya adında	Kaynak görsel ve tarihsel brief	Kaynak görseldeki akışı uygula	-	Referans boyutu	SOURCE
113	source/phone/seller-phone-113-urun-gorunurluk-screen.png	telefon-tam-teslim/Dalga 2	urun gorunurluk screen	screen/state dosya adında	Kaynak görsel ve tarihsel brief	Kaynak görseldeki akışı uygula	-	Referans boyutu	SOURCE
114	source/phone/seller-phone-114-taslak-kaydedildi-state.png	telefon-tam-teslim/Dalga 2	taslak kaydedildi state	screen/state dosya adında	Kaynak görsel ve tarihsel brief	Kaynak görseldeki akışı uygula	-	Referans boyutu	SOURCE
115	source/phone/seller-phone-115-yayin-oncesi-eksik-alanlar-screen.png	telefon-tam-teslim/Dalga 2	yayin oncesi eksik alanlar screen	screen/state dosya adında	Kaynak görsel ve tarihsel brief	Kaynak görseldeki akışı uygula	-	Referans boyutu	SOURCE
116	source/phone/seller-phone-116-urun-yayinlandi-state.png	telefon-tam-teslim/Dalga 2	urun yayinlandi state	screen/state dosya adında	Kaynak görsel ve tarihsel brief	Kaynak görseldeki akışı uygula	-	Referans boyutu	SOURCE
117	source/phone/seller-phone-117-urun-yayindan-kaldir-onay-sheet.png	telefon-tam-teslim/Dalga 2	urun yayindan kaldir onay sheet	screen/state dosya adında	Kaynak görsel ve tarihsel brief	Kaynak görseldeki akışı uygula	-	Referans boyutu	SOURCE
118	source/phone/seller-phone-118-urun-arsivleme-onay-sheet.png	telefon-tam-teslim/Dalga 2	urun arsivleme onay sheet	screen/state dosya adında	Kaynak görsel ve tarihsel brief	Kaynak görseldeki akışı uygula	-	Referans boyutu	SOURCE
119	source/phone/seller-phone-119-urun-silme-guvenli-onay-modal.png	telefon-tam-teslim/Dalga 2	urun silme guvenli onay modal	screen/state dosya adında	Kaynak görsel ve tarihsel brief	Kaynak görseldeki akışı uygula	-	Referans boyutu	SOURCE
120	source/phone/seller-phone-120-urun-cogaltma-sheet.png	telefon-tam-teslim/Dalga 2	urun cogaltma sheet	screen/state dosya adında	Kaynak görsel ve tarihsel brief	Kaynak görseldeki akışı uygula	-	Referans boyutu	SOURCE
121	source/phone/seller-phone-121-inceleme-gerekiyor-detay-screen.png	telefon-tam-teslim/Dalga 2	inceleme gerekiyor detay screen	screen/state dosya adında	Kaynak görsel ve tarihsel brief	Kaynak görseldeki akışı uygula	-	Referans boyutu	SOURCE
122	source/phone/seller-phone-122-urun-politika-eksik-bilgi-hata-screen.png	telefon-tam-teslim/Dalga 2	urun politika eksik bilgi hata screen	screen/state dosya adında	Kaynak görsel ve tarihsel brief	Kaynak görseldeki akışı uygula	-	Referans boyutu	SOURCE
123	source/phone/seller-phone-123-kaydedilmemis-degisiklik-modal.png	telefon-tam-teslim/Dalga 2	kaydedilmemis degisiklik modal	screen/state dosya adında	Kaynak görsel ve tarihsel brief	Kaynak görseldeki akışı uygula	-	Referans boyutu	SOURCE
124	source/phone/seller-phone-124-envanter-ozeti-screen.png	telefon-tam-teslim/Dalga 2	envanter ozeti screen	screen/state dosya adında	Kaynak görsel ve tarihsel brief	Kaynak görseldeki akışı uygula	-	Referans boyutu	SOURCE
125	source/phone/seller-phone-125-tum-stoklar-screen.png	telefon-tam-teslim/Dalga 2	tum stoklar screen	screen/state dosya adında	Kaynak görsel ve tarihsel brief	Kaynak görseldeki akışı uygula	-	Referans boyutu	SOURCE
126	source/phone/seller-phone-126-kritik-stoklar-screen.png	telefon-tam-teslim/Dalga 2	kritik stoklar screen	screen/state dosya adında	Kaynak görsel ve tarihsel brief	Kaynak görseldeki akışı uygula	-	Referans boyutu	SOURCE
127	source/phone/seller-phone-127-tukenen-urunler-screen.png	telefon-tam-teslim/Dalga 2	tukenen urunler screen	screen/state dosya adında	Kaynak görsel ve tarihsel brief	Kaynak görseldeki akışı uygula	-	Referans boyutu	SOURCE
128	source/phone/seller-phone-128-varyant-stoklari-screen.png	telefon-tam-teslim/Dalga 2	varyant stoklari screen	screen/state dosya adında	Kaynak görsel ve tarihsel brief	Kaynak görseldeki akışı uygula	-	Referans boyutu	SOURCE
129	source/phone/seller-phone-129-depo-konum-secimi-sheet.png	telefon-tam-teslim/Dalga 2	depo konum secimi sheet	screen/state dosya adında	Kaynak görsel ve tarihsel brief	Kaynak görseldeki akışı uygula	-	Referans boyutu	SOURCE
130	source/phone/seller-phone-130-stok-artir-screen.png	telefon-tam-teslim/Dalga 2	stok artir screen	screen/state dosya adında	Kaynak görsel ve tarihsel brief	Kaynak görseldeki akışı uygula	-	Referans boyutu	SOURCE
131	source/phone/seller-phone-131-stok-azalt-screen.png	telefon-tam-teslim/Dalga 2	stok azalt screen	screen/state dosya adında	Kaynak görsel ve tarihsel brief	Kaynak görseldeki akışı uygula	-	Referans boyutu	SOURCE
132	source/phone/seller-phone-132-stok-duzeltme-nedeni-sheet.png	telefon-tam-teslim/Dalga 2	stok duzeltme nedeni sheet	screen/state dosya adında	Kaynak görsel ve tarihsel brief	Kaynak görseldeki akışı uygula	-	Referans boyutu	SOURCE
133	source/phone/seller-phone-133-toplu-stok-guncelle-screen.png	telefon-tam-teslim/Dalga 2	toplu stok guncelle screen	screen/state dosya adında	Kaynak görsel ve tarihsel brief	Kaynak görseldeki akışı uygula	-	Referans boyutu	SOURCE
134	source/phone/seller-phone-134-barkod-qr-izin-state.png	telefon-tam-teslim/Dalga 2	barkod qr izin state	screen/state dosya adında	Kaynak görsel ve tarihsel brief	Kaynak görseldeki akışı uygula	-	Referans boyutu	SOURCE
135	source/phone/seller-phone-135-stok-hareketleri-screen.png	telefon-tam-teslim/Dalga 2	stok hareketleri screen	screen/state dosya adında	Kaynak görsel ve tarihsel brief	Kaynak görseldeki akışı uygula	-	Referans boyutu	SOURCE
136	source/phone/seller-phone-136-stok-hareket-detayi-screen.png	telefon-tam-teslim/Dalga 2	stok hareket detayi screen	screen/state dosya adında	Kaynak görsel ve tarihsel brief	Kaynak görseldeki akışı uygula	-	Referans boyutu	SOURCE
137	source/phone/seller-phone-137-dusuk-stok-esigi-screen.png	telefon-tam-teslim/Dalga 2	dusuk stok esigi screen	screen/state dosya adında	Kaynak görsel ve tarihsel brief	Kaynak görseldeki akışı uygula	-	Referans boyutu	SOURCE
138	source/phone/seller-phone-138-stok-esik-uyarisi-state.png	telefon-tam-teslim/Dalga 2	stok esik uyarisi state	screen/state dosya adında	Kaynak görsel ve tarihsel brief	Kaynak görseldeki akışı uygula	-	Referans boyutu	SOURCE
139	source/phone/seller-phone-139-envanter-loading-state.png	telefon-tam-teslim/Dalga 2	envanter loading state	screen/state dosya adında	Kaynak görsel ve tarihsel brief	Kaynak görseldeki akışı uygula	-	Referans boyutu	SOURCE
140	source/phone/seller-phone-140-envanter-bos-state.png	telefon-tam-teslim/Dalga 2	envanter bos state	screen/state dosya adında	Kaynak görsel ve tarihsel brief	Kaynak görseldeki akışı uygula	-	Referans boyutu	SOURCE
141	source/phone/seller-phone-141-envanter-hata-state.png	telefon-tam-teslim/Dalga 2	envanter hata state	screen/state dosya adında	Kaynak görsel ve tarihsel brief	Kaynak görseldeki akışı uygula	-	Referans boyutu	SOURCE
142	source/phone/seller-phone-142-siparisler-ana-liste-screen.png	telefon-tam-teslim/Dalga 3	siparisler ana liste screen	screen/state dosya adında	Kaynak görsel ve tarihsel brief	Kaynak görseldeki akışı uygula	-	Referans boyutu	SOURCE
143	source/phone/seller-phone-143-yeni-siparisler-screen.png	telefon-tam-teslim/Dalga 3	yeni siparisler screen	screen/state dosya adında	Kaynak görsel ve tarihsel brief	Kaynak görseldeki akışı uygula	-	Referans boyutu	SOURCE
144	source/phone/seller-phone-144-hazirlaniyor-siparisler-screen.png	telefon-tam-teslim/Dalga 3	hazirlaniyor siparisler screen	screen/state dosya adında	Kaynak görsel ve tarihsel brief	Kaynak görseldeki akışı uygula	-	Referans boyutu	SOURCE
145	source/phone/seller-phone-145-kargoya-verilecek-siparisler-screen.png	telefon-tam-teslim/Dalga 3	kargoya verilecek siparisler screen	screen/state dosya adında	Kaynak görsel ve tarihsel brief	Kaynak görseldeki akışı uygula	-	Referans boyutu	SOURCE
146	source/phone/seller-phone-146-kargoda-siparisler-screen.png	telefon-tam-teslim/Dalga 3	kargoda siparisler screen	screen/state dosya adında	Kaynak görsel ve tarihsel brief	Kaynak görseldeki akışı uygula	-	Referans boyutu	SOURCE
147	source/phone/seller-phone-147-teslim-edilen-siparisler-screen.png	telefon-tam-teslim/Dalga 3	teslim edilen siparisler screen	screen/state dosya adında	Kaynak görsel ve tarihsel brief	Kaynak görseldeki akışı uygula	-	Referans boyutu	SOURCE
148	source/phone/seller-phone-148-iptal-edilen-siparisler-screen.png	telefon-tam-teslim/Dalga 3	iptal edilen siparisler screen	screen/state dosya adında	Kaynak görsel ve tarihsel brief	Kaynak görseldeki akışı uygula	-	Referans boyutu	SOURCE
149	source/phone/seller-phone-149-iade-geri-odeme-listesi-screen.png	tur-04-siparis-detay-paket-kazanc	İade ve geri ödeme listesi	screen/state	142 · İade / Geri Ödeme sekmesi	Talebi İncele → Tur 5 iade detayı	H-ORD-149	852x1846	PASS
150	source/phone/seller-phone-150-siparis-filtre-arama-screen.png	tur-04-siparis-detay-paket-kazanc	Sipariş arama ve filtreleme	screen/state	142–149 · Ara veya Filtre	18 Siparişi Göster → 142 filtreli liste	H-ORD-150	852x1846	PASS
151	source/phone/seller-phone-151-siparis-tarih-araligi-sheet.png	tur-04-siparis-detay-paket-kazanc	Sipariş tarih aralığı	screen/state	150 · Özel tarih	Tarihi Uygula → 150	H-ORD-151	852x1846	PASS
152	source/phone/seller-phone-152-siparis-listesi-bos-state.png	tur-04-siparis-detay-paket-kazanc	Sipariş listesi boş durumu	screen/state	150 · Sonuç üretmeyen filtre	Filtreleri Sıfırla → 142	H-ORD-152	852x1846	PASS
153	source/phone/seller-phone-153-siparis-listesi-loading-state.png	tur-04-siparis-detay-paket-kazanc	Sipariş listesi yükleniyor	screen/state	142 · Siparişler açılışı	Yükleme tamamlandı → 142	H-ORD-153	852x1846	PASS
154	source/phone/seller-phone-154-siparis-listesi-hata-state.png	tur-04-siparis-detay-paket-kazanc	Sipariş listesi hata durumu	screen/state	142 · API veya bağlantı hatası	Yeniden Dene → 142 / Son Kaydı Gör → önbellek	H-ORD-154	852x1846	PASS
155	source/phone/seller-phone-155-siparis-satiri-ayrintili-state.png	tur-04-siparis-detay-paket-kazanc	Sipariş satırı ayrıntılı durumu	screen/state	142 · Sipariş kartını genişlet	Siparişi Aç → 156	H-ORD-155	852x1846	PASS
156	source/phone/seller-phone-156-siparis-detayi-screen.png	tur-04-siparis-detay-paket-kazanc	Sipariş detayı	screen/state	155 · Siparişi Aç	Hazırlamaya Başla → 163	H-ORD-156	852x1846	PASS
157	source/phone/seller-phone-157-saticinin-teslim-edecegi-urunler-screen.png	tur-04-siparis-detay-paket-kazanc	Satıcının teslim edeceği ürünler	screen/state	156 · Bu pakette	Paketleme Özetine Geç → 158	H-ORD-157	852x1846	PASS
158	source/phone/seller-phone-158-paketleme-ozeti-screen.png	tur-04-siparis-detay-paket-kazanc	Paketleme özeti	screen/state	157 · Paketleme Özetine Geç	Adresi Güvenle Gör → 159	H-ORD-158	852x1846	PASS
159	source/phone/seller-phone-159-maskeli-teslimat-adresi-screen.png	tur-04-siparis-detay-paket-kazanc	Maskeli teslimat adresi	screen/state	158 · Adresi Güvenle Gör	Kargo Bilgilerine Geç → 167 (Tur 5)	H-ORD-159	852x1846	PASS
160	source/phone/seller-phone-160-siparis-kalemleri-varyantlar-screen.png	tur-04-siparis-detay-paket-kazanc	Sipariş kalemleri ve varyantlar	screen/state	156 · Bu pakette	Paketleme Özetine Geç → 158	H-ORD-160	852x1846	PASS
161	source/phone/seller-phone-161-siparis-odeme-kazanc-ozeti-screen.png	tur-04-siparis-detay-paket-kazanc	Sipariş ödeme ve kazanç özeti	screen/state	156 · Net kazanç kartı	Kesintileri İncele → 162	H-ORD-161	852x1846	PASS
162	source/phone/seller-phone-162-siparis-komisyon-kesinti-screen.png	tur-04-siparis-detay-paket-kazanc	Sipariş komisyon ve kesinti açıklaması	screen/state	161 · Kesintileri İncele	Kazanç Özetine Dön → 161	H-ORD-162	852x1846	PASS
163	source/phone/seller-phone-163-siparisi-hazirlamaya-al-screen.png	tur-04-siparis-detay-paket-kazanc	Siparişi hazırlamaya alma	screen/state	156 · Hazırlamaya Başla	Hazırlamaya Al → 164	H-ORD-163	852x1846	PASS
164	source/phone/seller-phone-164-hazirlaniyor-gecis-onay-modal.png	tur-04-siparis-detay-paket-kazanc	Hazırlanıyor durumuna geçiş onayı	screen/state	163 · Hazırlamaya Al	Evet, Hazırlamaya Al → 165	H-ORD-164	852x1846	PASS
165	source/phone/seller-phone-165-siparis-hazirlaniyor-basarili-state.png	tur-04-siparis-detay-paket-kazanc	Sipariş hazırlanıyor başarı durumu	screen/state	164 · Evet, Hazırlamaya Al	Paketlemeyi Aç → 158	H-ORD-165	852x1846	PASS
166	source/phone/seller-phone-166-cok-paketli-siparis-ayrimi-screen.png	tur-04-siparis-detay-paket-kazanc	Çok paketli sipariş ayrımı	screen/state	Sipariş satırı · 2 paket rozeti	Paketi Aç → 156 / 163	H-ORD-166	852x1846	PASS
167	source/phone/seller-phone-167-kargo-firmasi-secimi-screen.png	tur-05-kargo-iptal-iade-geri-odeme	Kargo firması seçimi	screen/state	159 · Kargo Bilgilerine Geç / 165 · Paketlemeyi Aç	Firmayı Seç → 168	H-ORD-167	852x1846	PASS
168	source/phone/seller-phone-168-kargo-etiketi-takip-numarasi-screen.png	tur-05-kargo-iptal-iade-geri-odeme	Kargo etiketi ve takip numarası	screen/state	167 · Firmayı Seç	Kargoya Verildi Olarak İşaretle → 169	H-ORD-168	852x1846	PASS
169	source/phone/seller-phone-169-kargoya-verildi-bildirimi-state.png	tur-05-kargo-iptal-iade-geri-odeme	Kargoya verildi bildirimi	screen/state	168 · Kargoya Verildi Olarak İşaretle	Kargoyu Takip Et → 170	H-ORD-169	852x1846	PASS
170	source/phone/seller-phone-170-kargo-takip-screen.png	tur-05-kargo-iptal-iade-geri-odeme	Kargo takip ekranı	screen/state	169 · Kargoyu Takip Et	Fatura ve Fişleri Gör → 171	H-ORD-170	852x1846	PASS
171	source/phone/seller-phone-171-fatura-paket-fisi-screen.png	tur-05-kargo-iptal-iade-geri-odeme	Fatura ve paket fişi	screen/state	168 / 170 · Fatura ve Fişler	Sipariş Detayına Dön → 156	H-ORD-171	852x1846	PASS
172	source/phone/seller-phone-172-siparis-notu-screen.png	tur-05-kargo-iptal-iade-geri-odeme	Sipariş notu	screen/state	156 · Sipariş notları	Müşteriye Mesaj Gönder → 173	H-ORD-172	852x1846	PASS
173	source/phone/seller-phone-173-musteriye-mesaj-gonderme-screen.png	tur-05-kargo-iptal-iade-geri-odeme	Müşteriye mesaj gönderme	screen/state	172 · Müşteriye Mesaj Gönder / 156 · Mesaj	Sipariş Detayına Dön → 156	H-ORD-173	852x1846	PASS
174	source/phone/seller-phone-174-siparis-iptal-talebi-screen.png	tur-05-kargo-iptal-iade-geri-odeme	Sipariş iptal talebi	screen/state	142 / 156 · İptal talebi	İptali Onayla → 182 → 175	H-ORD-174	852x1846	PASS
175	source/phone/seller-phone-175-iptal-talebi-sonucu-state.png	tur-05-kargo-iptal-iade-geri-odeme	İptal talebi sonucu	screen/state	182 · Doğrulama başarılı / 174 · İptal onayı	İşlem Geçmişini Gör → 180	H-ORD-175	852x1846	PASS
176	source/phone/seller-phone-176-iade-talebi-kanit-screen.png	tur-05-kargo-iptal-iade-geri-odeme	İade talebi ve kanıt	screen/state	149 · Talebi İncele	Değerlendirmeye Geç → 177	H-ORD-176	852x1846	PASS
177	source/phone/seller-phone-177-iade-kabul-gerekceli-itiraz-screen.png	tur-05-kargo-iptal-iade-geri-odeme	İade kabul veya gerekçeli itiraz	screen/state	176 · Değerlendirmeye Geç	İadeyi Kabul Et → 181 / İtiraz Hazırla → 182	H-ORD-177	852x1846	PASS
178	source/phone/seller-phone-178-platform-incelemesi-geri-odeme-screen.png	tur-05-kargo-iptal-iade-geri-odeme	Platform incelemesi ve geri ödeme	screen/state	182 · İtiraz doğrulandı / 181 · İncelemeyi İzle	Karar → 179 / 181	H-ORD-178	852x1846	PASS
179	source/phone/seller-phone-179-kismi-cok-kalemli-iade-screen.png	tur-05-kargo-iptal-iade-geri-odeme	Kısmi ve çok kalemli iade	screen/state	178 · Kısmi karar / 176 · Çok kalemli talep	İade Hesabını İncele → 178	H-ORD-179	852x1846	PASS
180	source/phone/seller-phone-180-siparis-islem-gecmisi-screen.png	tur-05-kargo-iptal-iade-geri-odeme	Sipariş işlem geçmişi	screen/state	175 / 178 / 179 · İşlem Geçmişi	Sipariş Detayına Dön → 156	H-ORD-180	852x1846	PASS
181	source/phone/seller-phone-181-siparis-islemi-basarili-state.png	tur-05-kargo-iptal-iade-geri-odeme	Sipariş işlemi başarılı	screen/state	177 / 182 · İşlem başarıyla gönderildi	İncelemeyi İzle → 178	H-ORD-181	852x1846	PASS
182	source/phone/seller-phone-182-siparis-yeniden-dogrulama-modal.png	tur-05-kargo-iptal-iade-geri-odeme	Sipariş yeniden doğrulama	screen/state	174 / 177 · Kritik işlemi onayla	Kodu Doğrula → 175 / 178	H-ORD-182	852x1846	PASS
183	source/phone/seller-phone-183-siparis-islem-hata-state.png	tur-05-kargo-iptal-iade-geri-odeme	Sipariş işlem hata durumu	screen/state	167–182 · Sunucu veya doğrulama hatası	Yeniden Dene → Önceki güvenli ekran	H-ORD-183	852x1846	PASS
184	source/phone/seller-phone-184-siparis-offline-state.png	tur-05-kargo-iptal-iade-geri-odeme	Sipariş çevrimdışı durumu	screen/state	167–183 · Bağlantı kesildi	Bağlantıyı Kontrol Et → Önceki ekran	H-ORD-184	852x1846	PASS
185	source/phone/seller-phone-185-finans-ana-ekrani-screen.png	tur-06-finans-bakiye-banka-vergi	Finans ana ekranı	screen/state	Alt menü · Finans	Hareketleri Gör → 187	H-FIN-185	852x1846	PASS
186	source/phone/seller-phone-186-finans-tarih-filtreleri-sheet.png	tur-06-finans-bakiye-banka-vergi	Finans tarih ve filtreleri	screen/state	185 / 187 · Filtre	Filtreyi Uygula → 187	H-FIN-186	852x1846	PASS
187	source/phone/seller-phone-187-finans-hareketleri-listesi-screen.png	tur-06-finans-bakiye-banka-vergi	Finans hareketleri listesi	screen/state	185 · Hareketleri Gör / 186 · Uygula	Hareket satırı → 188	H-FIN-187	852x1846	PASS
188	source/phone/seller-phone-188-finans-islem-detayi-screen.png	tur-06-finans-bakiye-banka-vergi	Finans işlem detayı	screen/state	187 · Hareket satırı	Sipariş Kazancını Aç → 189	H-FIN-188	852x1846	PASS
189	source/phone/seller-phone-189-siparis-kazanci-detayi-screen.png	tur-06-finans-bakiye-banka-vergi	Sipariş kazancı detayı	screen/state	188 · Sipariş Kazancını Aç	Kesinti Açıklaması → 190	H-FIN-189	852x1846	PASS
190	source/phone/seller-phone-190-komisyon-kesinti-aciklamasi-screen.png	tur-06-finans-bakiye-banka-vergi	Komisyon ve kesinti açıklaması	screen/state	189 · Kesinti Açıklamasını Gör	Vergi Belgesini Aç → 199	H-FIN-190	852x1846	PASS
191	source/phone/seller-phone-191-odeme-gecmisi-screen.png	tur-06-finans-bakiye-banka-vergi	Ödeme geçmişi	screen/state	185 / 193 · Ödeme Geçmişi	Ödeme satırı → 192	H-FIN-191	852x1846	PASS
192	source/phone/seller-phone-192-odeme-detayi-screen.png	tur-06-finans-bakiye-banka-vergi	Ödeme detayı	screen/state	191 · Tamamlanan ödeme	Ödeme Belgesini İndir	H-FIN-192	852x1846	PASS
193	source/phone/seller-phone-193-otomatik-odeme-plani-screen.png	tur-06-finans-bakiye-banka-vergi	Otomatik ödeme planı	screen/state	185 / 191 · Ödeme Planı	Banka Hesaplarını Yönet → 194	H-FIN-193	852x1846	PASS
194	source/phone/seller-phone-194-banka-hesaplari-listesi-screen.png	tur-06-finans-bakiye-banka-vergi	Banka hesapları listesi	screen/state	193 · Banka Hesaplarını Yönet	Yeni Hesap Ekle → 195	H-FIN-194	852x1846	PASS
195	source/phone/seller-phone-195-yeni-banka-hesabi-ekle-screen.png	tur-06-finans-bakiye-banka-vergi	Yeni banka hesabı ekleme	screen/state	194 · Yeni Banka Hesabı Ekle	Doğrulamaya Gönder → 196	H-FIN-195	852x1846	PASS
196	source/phone/seller-phone-196-banka-hesabi-dogrulama-state.png	tur-06-finans-bakiye-banka-vergi	Banka hesabı doğrulama	screen/state	195 · Doğrulamaya Gönder	Tamamlanınca → 194	H-FIN-196	852x1846	PASS
197	source/phone/seller-phone-197-varsayilan-banka-hesabi-onay-modal.png	tur-06-finans-bakiye-banka-vergi	Varsayılan hesap onayı	screen/state	194 · Varsayılan Yap	Devam Et → yeniden doğrulama → 194	H-FIN-197	852x1846	PASS
198	source/phone/seller-phone-198-banka-hesabi-kaldir-onay-modal.png	tur-06-finans-bakiye-banka-vergi	Banka hesabı kaldırma onayı	screen/state	194 · Hesabı Kaldır	Hesabı Kaldır → 194	H-FIN-198	852x1846	PASS
199	source/phone/seller-phone-199-vergi-fatura-belgeleri-screen.png	tur-06-finans-bakiye-banka-vergi	Vergi ve fatura belgeleri	screen/state	190 / 185 · Vergi Belgeleri	Belgeyi İndir	H-FIN-199	852x1846	PASS
200	source/phone/seller-phone-200-finans-raporu-disa-aktar-screen.png	tur-06-finans-bakiye-banka-vergi	Finans raporu dışa aktarma	screen/state	187 · Finans Raporunu Hazırla	Raporu Hazırla → dosya	H-FIN-200	852x1846	PASS
201	source/phone/seller-phone-201-finans-hareketleri-bos-state.png	tur-06-finans-bakiye-banka-vergi	Finans boş durumu	screen/state	186 · Sonuç yok	Filtreleri Temizle → 187	H-FIN-201	852x1846	PASS
202	source/phone/seller-phone-202-finans-yukleniyor-state.png	tur-06-finans-bakiye-banka-vergi	Finans yükleniyor durumu	screen/state	185–201 · İlk açılış / yenileme	Yükleme bitince → istenen ekran	H-FIN-202	852x1846	PASS
203	source/phone/seller-phone-203-finans-hata-state.png	tur-06-finans-bakiye-banka-vergi	Finans hata durumu	screen/state	185–202 · Güvenli yükleme hatası	Yeniden Dene → önceki ekran	H-FIN-203	852x1846	PASS
204	source/phone/seller-phone-204-finans-offline-state.png	tur-06-finans-bakiye-banka-vergi	Finans çevrimdışı durumu	screen/state	185–203 · Bağlantı kesildi	Bağlantıyı Kontrol Et → önceki ekran	H-FIN-204	852x1846	PASS
205	source/phone/seller-phone-205-analitik-ana-ekrani-screen.png	tur-07-satis-analitigi-urun-performansi	Analitik ana ekranı	screen/state	Genel Bakış · Analitik kartı	Ayrıntılı Analizi Gör → 206; Filtreleri Aç → 215	H-ANL-205	852x1846	PASS
206	source/phone/seller-phone-206-satis-trendi-screen.png	tur-07-satis-analitigi-urun-performansi	Satış trendi	screen/state	205 · Net satış trendi	Dönem Karşılaştırmasını Aç → 216	H-ANL-206	852x1846	PASS
207	source/phone/seller-phone-207-siparis-trendi-screen.png	tur-07-satis-analitigi-urun-performansi	Sipariş trendi	screen/state	205 · Sipariş metriği	Sipariş Performansını Aç → Siparişler	H-ANL-207	852x1846	PASS
208	source/phone/seller-phone-208-en-cok-satan-urunler-screen.png	tur-07-satis-analitigi-urun-performansi	En çok satan ürünler	screen/state	205 · Ürün performansı	Ürün satırı → 217	H-ANL-208	852x1846	PASS
209	source/phone/seller-phone-209-dusuk-performansli-urunler-screen.png	tur-07-satis-analitigi-urun-performansi	Gelişim fırsatları	screen/state	205 · Düşük performans	Seçili Ürünü İncele → 217	H-ANL-209	852x1846	PASS
210	source/phone/seller-phone-210-goruntulenme-donusum-ozeti-screen.png	tur-07-satis-analitigi-urun-performansi	Görüntülenme ve dönüşüm	screen/state	205 · Dönüşüm metriği	Ürün Bazında Karşılaştır → 217	H-ANL-210	852x1846	PASS
211	source/phone/seller-phone-211-ortalama-siparis-tutari-screen.png	tur-07-satis-analitigi-urun-performansi	Ortalama sipariş tutarı	screen/state	205 · Ortalama sepet metriği	Dönem Karşılaştırmasını Aç → 216	H-ANL-211	852x1846	PASS
212	source/phone/seller-phone-212-sepet-donusum-oranlari-screen.png	tur-07-satis-analitigi-urun-performansi	Sepet dönüşüm oranları	screen/state	210 · Sepete ekleme aşaması	Ürün Bazında Sepet Oranları → 217	H-ANL-212	852x1846	PASS
213	source/phone/seller-phone-213-iade-orani-screen.png	tur-07-satis-analitigi-urun-performansi	İade oranı	screen/state	205 · İade metriği	Ürün İade Karşılaştırması → 217	H-ANL-213	852x1846	PASS
214	source/phone/seller-phone-214-magaza-puani-degerlendirme-trendi-screen.png	tur-07-satis-analitigi-urun-performansi	Mağaza puanı	screen/state	205 · Mağaza puanı	Değerlendirmeleri Gör → Mağazam	H-ANL-214	852x1846	PASS
215	source/phone/seller-phone-215-analitik-tarih-kategori-urun-filtreleri-sheet.png	tur-07-satis-analitigi-urun-performansi	Analitik filtreleri	screen/state	205–218 · Filtreler	Filtreyi Uygula → 205; Seçimleri Temizle → 205	H-ANL-215	852x1846	PASS
216	source/phone/seller-phone-216-donem-karsilastirmasi-screen.png	tur-07-satis-analitigi-urun-performansi	Dönem karşılaştırması	screen/state	206 / 211 · Karşılaştırma	Karşılaştırma Raporu → 218	H-ANL-216	852x1846	PASS
217	source/phone/seller-phone-217-urun-performansi-detayi-screen.png	tur-07-satis-analitigi-urun-performansi	Ürün performansı	screen/state	208 / 209 / 210 / 212 / 213 · Ürün satırı	Ürünü Düzenle → Ürün editörü	H-ANL-217	852x1846	PASS
218	source/phone/seller-phone-218-analitik-raporu-disa-aktar-screen.png	tur-07-satis-analitigi-urun-performansi	Analitik raporu	screen/state	205–217 · Rapor seçenekleri	Raporu Hazırla → Dosya hazırlanıyor	H-ANL-218	852x1846	PASS
219	source/phone/seller-phone-219-analitik-loading-state.png	tur-07-satis-analitigi-urun-performansi	Analitik yükleniyor	screen/state	205–218 · İlk açılış veya yenileme	Yükleme tamamlandı → istenen ekran	H-ANL-219	852x1846	PASS
220	source/phone/seller-phone-220-analitik-veri-yok-state.png	tur-07-satis-analitigi-urun-performansi	Analitik veri yok	screen/state	205–218 · Filtre sonucu boş	Filtreleri Değiştir → 215	H-ANL-220	852x1846	PASS
221	source/phone/seller-phone-221-analitik-hata-state.png	tur-07-satis-analitigi-urun-performansi	Analitik hata durumu	screen/state	205–220 · Güvenli yükleme hatası	Yeniden Dene → önceki ekran	H-ANL-221	852x1846	PASS
222	source/phone/seller-phone-222-analitik-offline-state.png	tur-07-satis-analitigi-urun-performansi	Analitik çevrimdışı	screen/state	205–221 · Bağlantı kesildi	Bağlantıyı Kontrol Et → önceki ekran	H-ANL-222	852x1846	PASS
223	source/phone/seller-phone-223-kampanyalar-aktif-ana-liste-screen.png	tur-08-kampanya-indirim-kupon	Kampanyalar ana listesi	screen/state	Mağazam > Kampanyalar	224/225/226/227/234	H-CMP-223	852x1846	PASS
224	source/phone/seller-phone-224-kampanyalar-zamanlanan-screen.png	tur-08-kampanya-indirim-kupon	Zamanlanan kampanyalar	screen/state	223 Zamanlanan sekmesi	223/225/226/227	H-CMP-224	852x1846	PASS
225	source/phone/seller-phone-225-kampanyalar-sona-eren-screen.png	tur-08-kampanya-indirim-kupon	Sona eren kampanyalar	screen/state	223 Sona eren sekmesi	223/224/226/227	H-CMP-225	852x1846	PASS
226	source/phone/seller-phone-226-kampanya-detayi-screen.png	tur-08-kampanya-indirim-kupon	Kampanya detayı	screen/state	223 kampanya satırı	233/238	H-CMP-226	852x1846	PASS
227	source/phone/seller-phone-227-yeni-kampanya-ad-amac-screen.png	tur-08-kampanya-indirim-kupon	Yeni kampanya adı ve amacı	screen/state	223 Yeni Kampanya	228/236	H-CMP-227	852x1846	PASS
228	source/phone/seller-phone-228-kampanya-urun-secimi-screen.png	tur-08-kampanya-indirim-kupon	Kampanya ürün seçimi	screen/state	227 Ürün Seçimine Geç	229	H-CMP-228	852x1846	PASS
229	source/phone/seller-phone-229-kampanya-indirim-turu-screen.png	tur-08-kampanya-indirim-kupon	Yüzde veya tutar indirimi	screen/state	228 İndirim Türüne Geç	230	H-CMP-229	852x1846	PASS
230	source/phone/seller-phone-230-kampanya-minimum-sepet-screen.png	tur-08-kampanya-indirim-kupon	Minimum sepet ve üst sınır	screen/state	229 Sepet Koşuluna Geç	231	H-CMP-230	852x1846	PASS
231	source/phone/seller-phone-231-kampanya-tarih-planlama-screen.png	tur-08-kampanya-indirim-kupon	Başlangıç ve bitiş tarihi	screen/state	230 Tarihleri Belirle	232	H-CMP-231	852x1846	PASS
232	source/phone/seller-phone-232-kampanya-butce-stok-screen.png	tur-08-kampanya-indirim-kupon	Bütçe ve stok kontrolü	screen/state	231 Bütçe ve Stok	233/235	H-CMP-232	852x1846	PASS
233	source/phone/seller-phone-233-satici-finansman-aciklamasi-screen.png	tur-08-kampanya-indirim-kupon	Satıcı finansman açıklaması	screen/state	232 Finansman Açıklaması	232	H-CMP-233	852x1846	PASS
234	source/phone/seller-phone-234-kupon-kodu-kullanim-limiti-screen.png	tur-08-kampanya-indirim-kupon	Kupon kodu ve kullanım sınırı	screen/state	223 Kupon Oluştur	235/236	H-CMP-234	852x1846	PASS
235	source/phone/seller-phone-235-kupon-kampanya-onizleme-screen.png	tur-08-kampanya-indirim-kupon	Müşteri kupon önizlemesi	screen/state	234 Kuponu Önizle	237/234	H-CMP-235	852x1846	PASS
236	source/phone/seller-phone-236-kampanya-taslak-kaydedildi-state.png	tur-08-kampanya-indirim-kupon	Kampanya taslağı kaydedildi	screen/state	227/234 Taslak Kaydet	227/239	H-CMP-236	852x1846	PASS
237	source/phone/seller-phone-237-kampanya-yayinlandi-state.png	tur-08-kampanya-indirim-kupon	Kampanya yayınlandı	screen/state	235 Yayınla	226/223	H-CMP-237	852x1846	PASS
238	source/phone/seller-phone-238-kampanya-durdurma-onay-sheet.png	tur-08-kampanya-indirim-kupon	Kampanyayı durdurma onayı	screen/state	226 Durdur	226	H-CMP-238	852x1846	PASS
239	source/phone/seller-phone-239-kampanya-taslak-silme-onay-modal.png	tur-08-kampanya-indirim-kupon	Taslak silme onayı	screen/state	236 Taslağı Sil	223/236	H-CMP-239	852x1846	PASS
240	source/phone/seller-phone-240-kampanyalar-bos-state.png	tur-08-kampanya-indirim-kupon	Kampanyalar boş durumu	screen/state	Kampanya listesi boş	227/234	H-CMP-240	852x1846	PASS
241	source/phone/seller-phone-241-kampanyalar-loading-state.png	tur-08-kampanya-indirim-kupon	Kampanyalar yükleniyor	screen/state	Kampanyalar açılışı	223	H-CMP-241	852x1846	PASS
242	source/phone/seller-phone-242-kampanyalar-hata-state.png	tur-08-kampanya-indirim-kupon	Kampanya veri hatası	screen/state	Kampanya servis hatası	241/223	H-CMP-242	852x1846	PASS
243	source/phone/seller-phone-243-magazam-ana-genel-gorunum-screen.png	tur-09-magaza-vitrin-degerlendirme-sorular	Mağazam ana ekranı ve performans özeti	screen/state	Alt menü > Mağazam	244/245/248/252/254	H-STR-243	852x1846	PASS
244	source/phone/seller-phone-244-musteri-magaza-onizleme-screen.png	tur-09-magaza-vitrin-degerlendirme-sorular	Müşterinin gördüğü mağaza önizlemesi	screen/state	243 Müşteri Önizlemesi	245/246/256	H-STR-244	852x1846	PASS
245	source/phone/seller-phone-245-magaza-adi-aciklama-duzenle-screen.png	tur-09-magaza-vitrin-degerlendirme-sorular	Mağaza adı ve açıklaması düzenleme	screen/state	243 Profil	244/243	H-STR-245	852x1846	PASS
246	source/phone/seller-phone-246-magaza-gorsel-kimlik-logo-kapak-screen.png	tur-09-magaza-vitrin-degerlendirme-sorular	Logo ve kapak görseli düzenleme	screen/state	243 Görsel Kimlik	244/243	H-STR-246	852x1846	PASS
247	source/phone/seller-phone-247-magaza-iletisim-bilgileri-screen.png	tur-09-magaza-vitrin-degerlendirme-sorular	Mağaza iletişim bilgileri	screen/state	243 İletişim	244/243	H-STR-247	852x1846	PASS
248	source/phone/seller-phone-248-kargo-teslimat-politikasi-screen.png	tur-09-magaza-vitrin-degerlendirme-sorular	Kargo ve teslimat politikası	screen/state	243 Politikalar	244/243	H-STR-248	852x1846	PASS
249	source/phone/seller-phone-249-iade-politikasi-screen.png	tur-09-magaza-vitrin-degerlendirme-sorular	İade politikası	screen/state	243 Politikalar	244/243	H-STR-249	852x1846	PASS
250	source/phone/seller-phone-250-magaza-calisma-durumu-screen.png	tur-09-magaza-vitrin-degerlendirme-sorular	Mağaza çalışma durumu	screen/state	243 Çalışma Durumu	251/244	H-STR-250	852x1846	PASS
251	source/phone/seller-phone-251-magaza-gecici-kapatma-yeniden-acma-onay-sheet.png	tur-09-magaza-vitrin-degerlendirme-sorular	Geçici kapatma ve yeniden açma onayı	screen/state	250 Geçici Kapalı	250/243	H-STR-251	852x1846	PASS
252	source/phone/seller-phone-252-magaza-degerlendirmeleri-listesi-screen.png	tur-09-magaza-vitrin-degerlendirme-sorular	Mağaza değerlendirmeleri	screen/state	243 Değerlendirmeler	253	H-STR-252	852x1846	PASS
253	source/phone/seller-phone-253-degerlendirme-detayi-yanit-screen.png	tur-09-magaza-vitrin-degerlendirme-sorular	Değerlendirme detayı ve satıcı yanıtı	screen/state	252 Değerlendirme satırı	252	H-STR-253	852x1846	PASS
254	source/phone/seller-phone-254-urun-sorulari-listesi-screen.png	tur-09-magaza-vitrin-degerlendirme-sorular	Ürün soruları listesi	screen/state	243 Ürün Soruları	255	H-STR-254	852x1846	PASS
255	source/phone/seller-phone-255-urun-sorusu-detayi-yanit-screen.png	tur-09-magaza-vitrin-degerlendirme-sorular	Soru detayı ve herkese açık yanıt	screen/state	254 Soru satırı	254	H-STR-255	852x1846	PASS
256	source/phone/seller-phone-256-magaza-onizleme-loading-hata-state.png	tur-09-magaza-vitrin-degerlendirme-sorular	Mağaza önizleme loading ve hata durumları	screen/state	244 Önizleme servisi	244/243	H-STR-256	852x1846	PASS
257	source/phone/seller-phone-257-bildirim-merkezi-screen.png	tur-10-bildirim-merkezi-tercihler	Satıcı bildirim merkezi	screen/state	Genel Bakış > Bildirim zili	258/259/260/261/262/263/265	H-NTF-257	852x1846	PASS
258	source/phone/seller-phone-258-siparis-bildirimleri-screen.png	tur-10-bildirim-merkezi-tercihler	Sipariş bildirimleri	screen/state	257 Sipariş türü	262/263/257	H-NTF-258	852x1846	PASS
259	source/phone/seller-phone-259-dusuk-stok-bildirimleri-screen.png	tur-10-bildirim-merkezi-tercihler	Düşük stok bildirimleri	screen/state	257 Düşük Stok türü	263/257	H-NTF-259	852x1846	PASS
260	source/phone/seller-phone-260-finans-odeme-bildirimleri-screen.png	tur-10-bildirim-merkezi-tercihler	Finans ve ödeme bildirimleri	screen/state	257 Finans türü	262/263/257	H-NTF-260	852x1846	PASS
261	source/phone/seller-phone-261-urun-politika-bildirimleri-screen.png	tur-10-bildirim-merkezi-tercihler	Ürün ve politika bildirimleri	screen/state	257 Ürün ve Politika türü	262/263/257	H-NTF-261	852x1846	PASS
262	source/phone/seller-phone-262-bildirim-detayi-screen.png	tur-10-bildirim-merkezi-tercihler	Bildirim detayı ve kaynak kayda geçiş	screen/state	257/258/260/261 Bildirim satırı	258/257	H-NTF-262	852x1846	PASS
263	source/phone/seller-phone-263-okundu-okunmadi-state.png	tur-10-bildirim-merkezi-tercihler	Okundu ve okunmadı görünüm durumu	screen/state	257 Okunmadı sekmesi	264/257	H-NTF-263	852x1846	PASS
264	source/phone/seller-phone-264-toplu-bildirim-islemleri-sheet.png	tur-10-bildirim-merkezi-tercihler	Toplu bildirim görünüm işlemleri	screen/state	263 Toplu İşlemler	263/265	H-NTF-264	852x1846	PASS
265	source/phone/seller-phone-265-bildirim-tercihleri-screen.png	tur-10-bildirim-merkezi-tercihler	Bildirim kanalı ve tür tercihleri	screen/state	257 Ayarlar	266/257	H-NTF-265	852x1846	PASS
266	source/phone/seller-phone-266-sessiz-saatler-screen.png	tur-10-bildirim-merkezi-tercihler	Sessiz saatler ve kritik istisnalar	screen/state	265 Sessiz Saatler	265/257	H-NTF-266	852x1846	PASS
267	source/phone/seller-phone-267-bildirimler-bos-state.png	tur-10-bildirim-merkezi-tercihler	Bildirim merkezi boş durumu	screen/state	257 Boş filtre	257/265	H-NTF-267	852x1846	PASS
268	source/phone/seller-phone-268-bildirimler-loading-state.png	tur-10-bildirim-merkezi-tercihler	Bildirim merkezi yükleniyor durumu	screen/state	257 İlk yükleme	257	H-NTF-268	852x1846	PASS
269	source/phone/seller-phone-269-bildirimler-hata-state.png	tur-10-bildirim-merkezi-tercihler	Bildirim servisi hata durumu	screen/state	257 Servis hatası	269/257	H-NTF-269	852x1846	PASS
270	source/phone/seller-phone-270-bildirimler-offline-state.png	tur-10-bildirim-merkezi-tercihler	Bildirim merkezi çevrimdışı durumu	screen/state	257 Bağlantı yok	270/257	H-NTF-270	852x1846	PASS
271	source/phone/seller-phone-271-musteri-mesajlari-listesi-screen.png	tur-11-musteri-mesajlari-novabot-canli-destek	Müşteri mesajları listesi	screen/state	Genel Bakış > Mesajlar	272/273/271	H-COM-271	852x1846	PASS
272	source/phone/seller-phone-272-siparis-baglamli-mesaj-konusmasi-screen.png	tur-11-musteri-mesajlari-novabot-canli-destek	Sipariş bağlamlı müşteri konuşması	screen/state	271 Konuşma satırı veya sipariş detayı	271/272	H-COM-272	852x1846	PASS
273	source/phone/seller-phone-273-novabot-satici-destek-screen.png	tur-11-musteri-mesajlari-novabot-canli-destek	NovaBot satıcı destek ekranı	screen/state	Yardım > NovaBot	274/276/273	H-COM-273	852x1846	PASS
274	source/phone/seller-phone-274-canli-destege-baglanma-kuyruk-screen.png	tur-11-musteri-mesajlari-novabot-canli-destek	Canlı desteğe aktarım ve kuyruk	screen/state	273 Canlı desteğe bağlan	275/273	H-COM-274	852x1846	PASS
275	source/phone/seller-phone-275-canli-temsilci-konusmasi-screen.png	tur-11-musteri-mesajlari-novabot-canli-destek	Canlı destek temsilcisiyle konuşma	screen/state	274 Sıra tamamlandı	276/275	H-COM-275	852x1846	PASS
276	source/phone/seller-phone-276-gecmis-destek-gorusmeleri-screen.png	tur-11-musteri-mesajlari-novabot-canli-destek	Geçmiş destek görüşmeleri	screen/state	Destek > Geçmiş	277/273	H-COM-276	852x1846	PASS
277	source/phone/seller-phone-277-gecmis-gorusme-detayi-screen.png	tur-11-musteri-mesajlari-novabot-canli-destek	Kapalı geçmiş görüşme detayı	screen/state	276 Görüşme satırı	278/276	H-COM-277	852x1846	PASS
278	source/phone/seller-phone-278-destek-gorusmesi-puanlama-sheet.png	tur-11-musteri-mesajlari-novabot-canli-destek	Destek görüşmesini puanlama	screen/state	277 Bu Görüşmeyi Puanla	276/278	H-COM-278	852x1846	PASS
279	source/phone/seller-phone-279-destek-yukleniyor-state.png	tur-11-musteri-mesajlari-novabot-canli-destek	Destek kayıtları yükleniyor	screen/state	Destek ilk yükleme	276	H-COM-279	852x1846	PASS
280	source/phone/seller-phone-280-destek-hata-state.png	tur-11-musteri-mesajlari-novabot-canli-destek	Destek servisi hata durumu	screen/state	Destek servis hatası	280/276	H-COM-280	852x1846	PASS
281	source/phone/seller-phone-281-destek-offline-state.png	tur-11-musteri-mesajlari-novabot-canli-destek	Destek çevrimdışı durumu	screen/state	Destek bağlantısı yok	281/276	H-COM-281	852x1846	PASS
282	source/phone/seller-phone-282-ekip-uyeleri-listesi.png	tur-12-ekip-davet-roller-yetkiler	Mağaza ekip üyeleri listesi	screen/state	Mağazam > Ekip ve Yetkiler	283/286/288	H-TEAM-282	852x1846	PASS
283	source/phone/seller-phone-283-ekip-uyesi-davet-et.png	tur-12-ekip-davet-roller-yetkiler	Ekip üyesi davet etme	screen/state	282 Ekip Üyesi Davet Et	284/288	H-TEAM-283	852x1846	PASS
284	source/phone/seller-phone-284-rol-secimi.png	tur-12-ekip-davet-roller-yetkiler	Rol seçimi	screen/state	283 Başlangıç rolü	285/283	H-TEAM-284	852x1846	PASS
285	source/phone/seller-phone-285-yetki-matrisi.png	tur-12-ekip-davet-roller-yetkiler	Rol yetki matrisi	screen/state	284 Yetkileri Gör	287/286	H-TEAM-285	852x1846	PASS
286	source/phone/seller-phone-286-ekip-uyesi-detayi.png	tur-12-ekip-davet-roller-yetkiler	Ekip üyesi detayı	screen/state	282 Üye satırı	287/290	H-TEAM-286	852x1846	PASS
287	source/phone/seller-phone-287-yetki-duzenleme.png	tur-12-ekip-davet-roller-yetkiler	Ekip üyesi yetki düzenleme	screen/state	286 Yetkileri Düzenle	286/285	H-TEAM-287	852x1846	PASS
288	source/phone/seller-phone-288-davet-bekliyor.png	tur-12-ekip-davet-roller-yetkiler	Davet bekliyor	screen/state	282 Bekleyen davet	289/288	H-TEAM-288	852x1846	PASS
289	source/phone/seller-phone-289-davet-kabul-edildi.png	tur-12-ekip-davet-roller-yetkiler	Davet kabul edildi	screen/state	288 Davet kabulü	286/282	H-TEAM-289	852x1846	PASS
290	source/phone/seller-phone-290-ekip-uyesi-kaldirma-onay-sheet.png	tur-12-ekip-davet-roller-yetkiler	Ekip üyesini kaldırma güvenli onayı	screen/state	286 Üyeyi Kaldır	282/290	H-TEAM-290	852x1846	PASS
291	source/phone/seller-phone-291-yetki-yetersiz-salt-okunur-state.png	tur-12-ekip-davet-roller-yetkiler	Yetki yetersizliği / salt okunur durum	screen/state	Ekip yönetiminde yetkisiz işlem	282/291	H-TEAM-291	852x1846	PASS
292	source/phone/seller-phone-292-hesap-guvenlik-merkezi.png	tur-13-hesap-guvenlik-ayarlar	Hesap ve güvenlik merkezi	screen/state	Mağazam > Hesap ve Güvenlik	293/294/295/296	H-SEC-292	852x1846	PASS
293	source/phone/seller-phone-293-profil-eposta-telefon-duzenleme.png	tur-13-hesap-guvenlik-ayarlar	Profil, e-posta ve telefon düzenleme	screen/state	292 Profil ve iletişim	293	H-SEC-293	852x1846	PASS
294	source/phone/seller-phone-294-parola-2fa-qr-kurtarma-kodlari.png	tur-13-hesap-guvenlik-ayarlar	Parola, 2FA, QR ve kurtarma kodları	screen/state	292 Parola ve 2 adımlı giriş	294	H-SEC-294	852x1846	PASS
295	source/phone/seller-phone-295-aktif-cihazlar-oturum-kapatma.png	tur-13-hesap-guvenlik-ayarlar	Aktif cihazlar ve güvenli oturum kapatma	screen/state	292 Cihazlar ve oturumlar	295	H-SEC-295	852x1846	PASS
296	source/phone/seller-phone-296-gizlilik-yasal-sozlesme-yardim.png	tur-13-hesap-guvenlik-ayarlar	Gizlilik, yasal, sözleşme ve yardım	screen/state	292 Gizlilik, yasal ve yardım	296	H-SEC-296	852x1846	PASS
