subphase	path	action	artifact_type	purpose	source_evidence	security_relevance	migration_relevance	api_relevance	test_command	commit_boundary	owner_authorization
BASELINE	docs/seller/ADDITIVE-MIGRATION-AND-FORWARD-RECOVERY.md	READ_ONLY	document	Binding additive recovery contract	F0A committed input	Forward-only and append-only boundary	F1 source of truth	No runtime API	Read-only F0B document smoke	No commit in planning	Current F1 planning authorization
BASELINE	docs/seller/ADR-0001-SELLER-BOUNDARY.md	READ_ONLY	document	Binding seller boundary	F0A committed input	Audience tenant and IDOR invariants	F1 source of truth	Seller v1 contract input	Read-only F0B document smoke	No commit in planning	Current F1 planning authorization
BASELINE	docs/seller/PHASE-GATES.md	READ_ONLY	document	Binding F1 gate	F0A committed input	F1 security gates	F1 source of truth	Default-off API gate	Read-only F0B document smoke	No commit in planning	Current F1 planning authorization
BASELINE	docs/seller/SCREEN-BACKEND-MATRIX.tsv	READ_ONLY	document	Binding 001-296 F1 dependencies	F0A committed input	No invented UI authority	No migration action	F1 screen dependency input	Read-only F0B matrix smoke	No commit in planning	Current F1 planning authorization
BASELINE	docs/seller/SELLER-API-V1.md	READ_ONLY	document	Binding seller v1 API contract	F0A committed input	Refresh RBAC and safe-error contract	No migration action	Seller route source of truth	Read-only F0B document smoke	No commit in planning	Current F1 planning authorization
BASELINE	tests/adminCommerceProHttpSmoke.mjs	READ_ONLY	test	Existing admin HTTP baseline	Existing committed test	Prevents admin regression	No migration action	Admin API compatibility	`node tests/adminCommerceProHttpSmoke.mjs`	No commit in planning	Current F1 planning authorization
BASELINE	tests/adminCommerceProSessionContractSmoke.js	READ_ONLY	test	Existing admin session baseline	Existing committed test	Prevents admin audience regression	No migration action	Admin session compatibility	`node tests/adminCommerceProSessionContractSmoke.js`	No commit in planning	Current F1 planning authorization
BASELINE	tests/adminSessionAuthSmoke.js	READ_ONLY	test	Existing admin auth regression target	Existing committed test	Protects admin DB-role check	No migration action	No seller adapter	`node tests/adminSessionAuthSmoke.js`	No commit in planning	Separate future F1 implementation authorization
BASELINE	tests/sellerF0bDocumentContractSmoke.js	READ_ONLY	test	Committed F0B document contract	Committed F0B test	Protects frozen seller contract	No migration action	No runtime API	`node tests/sellerF0bDocumentContractSmoke.js`	No commit in planning	Current F1 planning authorization
BASELINE	tests/sellerF0bScreenMatrixContractSmoke.js	READ_ONLY	test	Committed F0B screen matrix contract	Committed F0B test	Prevents screen contract drift	No migration action	No runtime API	`node tests/sellerF0bScreenMatrixContractSmoke.js`	No commit in planning	Current F1 planning authorization
BASELINE	tests/sellerF0bSecurityInvariantContractSmoke.js	READ_ONLY	test	Committed F0B security contract	Committed F0B test	Protects audience tenant audit contract	No migration action	No runtime API	`node tests/sellerF0bSecurityInvariantContractSmoke.js`	No commit in planning	Current F1 planning authorization
BASELINE	tests/socketAuthSmoke.js	READ_ONLY	test	Existing socket auth regression target	Existing committed test	Prevents shared socket auth regression	No migration action	No seller socket in F1	`node tests/socketAuthSmoke.js`	No commit in planning	Separate future F1 implementation authorization
F1-PLANNING	docs/seller/f1/SELLER-F1-AUTHZ-SESSION-API-CONTRACT.md	CREATE	document	Authz session API plan	Current planning authorization	Defines fail-closed seller boundary	Plans only	No runtime route	Manual document review	No commit in planning	Current F1 planning authorization
F1-PLANNING	docs/seller/f1/SELLER-F1-DATA-MODEL-AND-MIGRATION-CONTRACT.md	CREATE	document	Data model migration plan	Current planning authorization	Defines tenant and immutable event constraints	Plans only	No runtime route	Manual document review	No commit in planning	Current F1 planning authorization
F1-PLANNING	docs/seller/f1/SELLER-F1-FILE-ALLOWLIST.tsv	CREATE	document	Deterministic F1 file ledger	Current planning authorization	Prevents unauthorized scope	Plans only	Maps future routes	Import-Csv validation	No commit in planning	Current F1 planning authorization
F1-PLANNING	docs/seller/f1/SELLER-F1-IMPLEMENTATION-PLAN.md	CREATE	document	F1 subdivision and gate plan	Current planning authorization	Orders security gates	Plans only	Plans default-off reads	Manual document review	No commit in planning	Current F1 planning authorization
F1-PLANNING	docs/seller/f1/SELLER-F1-TEST-SECURITY-AND-RECOVERY-PLAN.md	CREATE	document	F1 test security recovery plan	Current planning authorization	Defines negative and recovery tests	Plans only	Plans route tests	Manual document review	No commit in planning	Current F1 planning authorization
F1A	migrations/20260730_seller_f1_organizations_roles_memberships.sql	CREATE	migration	Additive organization role permission membership schema	Existing YYYYMMDD migration convention	Last-owner and tenant FK foundation	F1A migration unit	No route	`node tests/sellerF1MigrationContractSmoke.js; node tests/sellerF1MigrationDisposableDbSmoke.js`	F1A separate foundation commit only	Separate F1A migration authorization
F1A	migrations/20260730_seller_f1_sessions_audit_outbox.sql	CREATE	migration	Additive session refresh audit outbox schema	F0A session audit contract	Revoke replay redaction append-only foundation	F1A migration unit	No route	`node tests/sellerF1MigrationContractSmoke.js; node tests/sellerF1MigrationDisposableDbSmoke.js`	F1A separate foundation commit only	Separate F1A migration authorization
F1A	migrations/20260730_seller_f1_store_bindings_invitations.sql	CREATE	migration	Additive explicit store binding invitation schema	Existing stores and F0A no-reinterpretation rule	Prevents owner/platform scope inference	F1A migration unit	No route	`node tests/sellerF1MigrationContractSmoke.js; node tests/sellerF1MigrationDisposableDbSmoke.js`	F1A separate foundation commit only	Separate F1A migration authorization
F1A	tests/helpers/sellerF1DisposableDb.js	CREATE	test	Guarded local disposable DB helper	startupSafety local-target guard	Fails remote and unsafe target	Executes only authorized local migration test	No route	`node tests/sellerF1MigrationDisposableDbSmoke.js`	F1A separate foundation commit only	Separate F1A migration authorization
F1A	tests/sellerF1MigrationContractSmoke.js	CREATE	test	Static migration order/additive/carrier proof	F0A migration contract	Rejects destructive or runtime-carrier design	Covers all F1A migrations	No route	`node tests/sellerF1MigrationContractSmoke.js`	F1A separate foundation commit only	Separate F1A migration authorization
F1A	tests/sellerF1MigrationDisposableDbSmoke.js	CREATE	test	Fresh and second-apply schema proof	F1A proposed migrations	Verifies FK trigger and remote-deny gates	Covers all F1A migrations	No route	`node tests/sellerF1MigrationDisposableDbSmoke.js`	F1A separate foundation commit only	Separate F1A migration authorization
F1B	services/sellerAuthorizationService.js	CREATE	service	Role permission membership last-owner policy	currentAdmin DB-authority pattern	Unknown-deny and last-owner control	Consumes F1A schema	No route directly	`node tests/sellerF1OrganizationMembershipPolicySmoke.js; node tests/sellerF1RolePermissionMatrixSmoke.js`	F1B separate foundation commit only	Separate F1B persistence authorization
F1B	services/sellerRolePermissionService.js	CREATE	service	Allowlisted role permission registry resolver	F0A TEAM-00 contract	Rejects unknown permission and owner assignment	Consumes F1A schema	Supports TEAM-00 only	`node tests/sellerF1RolePermissionMatrixSmoke.js; node tests/sellerF1TenantResolverSmoke.js`	F1B separate foundation commit only	Separate F1B persistence authorization
F1B	services/sellerStoreBindingService.js	CREATE	service	Explicit seller-store legacy binding validation	Existing stores schema	Prevents owner_user_id/platform inference	Consumes F1A schema	No route directly	`node tests/sellerF1OrganizationMembershipPolicySmoke.js; node tests/sellerF1MembershipStoreScopeSmoke.js`	F1B separate foundation commit only	Separate F1B persistence authorization
F1B	tests/sellerF1MembershipStoreScopeSmoke.js	CREATE	test	Composite org/store scope mismatch proof	F0A tenant-scope invariant	Proves composite FK and no wildcard scope	Covers F1A binding schema	No route	`node tests/sellerF1MembershipStoreScopeSmoke.js`	F1B separate foundation commit only	Separate F1B persistence authorization
F1B	tests/sellerF1OrganizationMembershipPolicySmoke.js	CREATE	test	Membership revision stamp last-owner proof	F0A F1 gate	Proves live authority and transitions	Covers F1A membership schema	No route	`node tests/sellerF1OrganizationMembershipPolicySmoke.js`	F1B separate foundation commit only	Separate F1B persistence authorization
F1B	tests/sellerF1RolePermissionMatrixSmoke.js	CREATE	test	Known allow unknown-deny role proof	F0A team contract	Prevents privilege escalation	Covers F1A role schema	No route	`node tests/sellerF1RolePermissionMatrixSmoke.js`	F1B separate foundation commit only	Separate F1B persistence authorization
F1C	services/sellerAuditOutboxService.js	CREATE	service	Redacted append-only audit and outbox producer	Admin audit pattern and F0A audit contract	Atomic immutable event boundary	Consumes F1A event schema	No external delivery API	`node tests/sellerF1AuditOutboxSmoke.js; node tests/sellerF1OutboxDeliverySmoke.js`	F1C separate foundation commit only	Separate F1C session-audit authorization
F1C	services/sellerSessionService.js	CREATE	service	Live session revoke refresh-family step-up policy	F0A audience and refresh contract	Revoke replay and step-up fail-closed	Consumes F1A session schema	No login endpoint	`node tests/sellerF1SessionRevisionSmoke.js; node tests/sellerF1RefreshFamilyContractSmoke.js`	F1C separate foundation commit only	Separate F1C session-audit authorization
F1C	tests/sellerF1AudienceIsolationSmoke.js	CREATE	test	Seller audience issuer key claim proof	F0A audience separation	Rejects customer/admin/unknown token	No migration runtime dependency	No route	`node tests/sellerF1AudienceIsolationSmoke.js`	F1C separate foundation commit only	Separate F1C session-audit authorization
F1C	tests/sellerF1AuditOutboxSmoke.js	CREATE	test	Atomic redacted append-only audit/outbox proof	F0A immutable event rules	Prevents secret/PII and partial commit	Covers F1A event schema	No route	`node tests/sellerF1AuditOutboxSmoke.js`	F1C separate foundation commit only	Separate F1C session-audit authorization
F1C	tests/sellerF1OutboxDeliverySmoke.js	CREATE	test	Append-only delivery attempt retry proof	F0A outbox retry invariant	Prevents replay or event update/delete	Covers F1A outbox attempt schema	No external API	`node tests/sellerF1OutboxDeliverySmoke.js`	F1C separate foundation commit only	Separate F1C session-audit authorization
F1C	tests/sellerF1RefreshFamilyContractSmoke.js	CREATE	test	One-time old-generation replay concurrency proof	F0A refresh contract	Detects replay and revokes family/session	Covers F1A refresh schema	No mounted refresh API	`node tests/sellerF1RefreshFamilyContractSmoke.js`	F1C separate foundation commit only	Separate F1C session-audit authorization
F1C	tests/sellerF1SessionRevisionSmoke.js	CREATE	test	Live session membership revision revoke proof	F0A DB session authority	Rejects stale/revoked session	Covers F1A session schema	No route	`node tests/sellerF1SessionRevisionSmoke.js`	F1C separate foundation commit only	Separate F1C session-audit authorization
F1C	tests/sellerF1StepUpBindingSmoke.js	CREATE	test	Action target session expiry revision proof	F0A step-up contract	Prevents challenge reuse	Covers F1A challenge schema	No OTP API	`node tests/sellerF1StepUpBindingSmoke.js`	F1C separate foundation commit only	Separate F1C session-audit authorization
F1D	middlewares/sellerAuthMiddleware.js	CREATE	middleware	Seller audience auth and live-session gate	Existing auth limitation and F0A audience rule	Rejects shared customer/admin authority	Consumes F1A session schema	Protects seller reads	`node tests/sellerF1TenantResolverSmoke.js; node tests/sellerF1AudienceIsolationSmoke.js`	F1D separate authz commit only	Separate F1D authz authorization
F1D	middlewares/sellerTenantContext.js	CREATE	middleware	Server-resolved membership org/store context	F0A server-owned tenant rule	Prevents client tenant selection	Consumes F1A membership schema	Protects seller reads	`node tests/sellerF1TenantResolverSmoke.js; node tests/sellerF1ClientTenantInputSmoke.js`	F1D separate authz commit only	Separate F1D authz authorization
F1D	services/sellerTenantContextService.js	CREATE	service	Tenant-first resource safe-not-found resolver	F0A cross-tenant 404	Prevents IDOR disclosure	Consumes F1A tenant schema	Supports only F1 reads	`node tests/sellerF1TenantIsolationSmoke.js; node tests/sellerF1MembershipStoreScopeSmoke.js`	F1D separate authz commit only	Separate F1D authz authorization
F1D	tests/sellerF1ClientTenantInputSmoke.js	CREATE	test	Forged tenant role input proof	F0A client-input rule	Rejects trust-boundary bypass	No migration runtime dependency	Protects seller reads	`node tests/sellerF1ClientTenantInputSmoke.js`	F1D separate authz commit only	Separate F1D authz authorization
F1D	tests/sellerF1TenantIsolationSmoke.js	CREATE	test	Cross-tenant missing deleted same-404 proof	F0A IDOR invariant	Prevents resource oracle	No migration runtime dependency	Protects seller reads	`node tests/sellerF1TenantIsolationSmoke.js`	F1D separate authz commit only	Separate F1D authz authorization
F1D	tests/sellerF1TenantResolverSmoke.js	CREATE	test	Middleware no-store fail-closed chain proof	F0A live authority contract	Proves ordering before disclosure	No migration runtime dependency	Protects seller reads	`node tests/sellerF1TenantResolverSmoke.js`	F1D separate authz commit only	Separate F1D authz authorization
F1E	controllers/sellerContextController.js	CREATE	controller	F0A context organization team read shaping	F0A ORG-01 ORG-02 TEAM-00 TEAM-01	Minimizes PII and no mutation	Consumes F1A schema	Seller read responses	`node tests/sellerF1ContextRouteSmoke.js; node tests/sellerF1TenantIsolationSmoke.js`	F1E separate read-boundary commit only	Separate F1E read-boundary authorization
F1E	routes/sellerContextRoutes.js	CREATE	route	Default-off seller read routes only	F0A seller-v1 namespace	No admin bridge or mutation	No migration change	ORG and TEAM reads only	`node tests/sellerF1ContextRouteSmoke.js; node tests/sellerF1TenantResolverSmoke.js`	F1E separate read-boundary commit only	Separate F1E read-boundary authorization
F1E	server.js	MODIFY	server_entry	Mount default-off read boundary only	Existing Express mount convention	Flag never bypasses authz	No migration change	Seller read mount only	`node tests/sellerF1ContextRouteSmoke.js; node tests/sellerF1NoRegressionSmoke.js`	F1E separate read-boundary commit only	Separate F1E read-boundary authorization
F1E	tests/sellerF1ContextRouteSmoke.js	CREATE	test	False-flag F0A read response proof	F0A F1 API contract	Prevents reachable capability when disabled	No migration runtime dependency	Tests ORG and TEAM reads	`node tests/sellerF1ContextRouteSmoke.js`	F1E separate read-boundary commit only	Separate F1E read-boundary authorization
F1E	tests/sellerF1TeamMutationContractSmoke.js	CREATE	test	TEAM command absence proof	F0A TEAM-02 TEAM-03 TEAM-04	Prevents unapproved mutation/provider path	No migration runtime dependency	No TEAM mutation API	`node tests/sellerF1TeamMutationContractSmoke.js`	F1E separate read-boundary commit only	Separate F1E read-boundary authorization
F1F	tests/sellerF1NoRegressionSmoke.js	CREATE	test	Seller isolation unchanged admin customer Android proof	F0A compatibility rules	Prevents scope creep	No migration runtime dependency	Checks no unauthorized seller API	`node tests/sellerF1NoRegressionSmoke.js`	F1F test-only boundary	Separate F1F verification authorization
FORBIDDEN	middlewares/currentAdmin.js	READ_ONLY	admin_runtime	Existing admin current-role guard comparison input	Admin route architecture	Preserves admin authority boundary	No migration action	No seller route reuse	`node tests/adminCommerceProSessionContractSmoke.js`	No commit in planning	Current F1 planning authorization
FORBIDDEN	middlewares/privateNoStore.js	READ_ONLY	admin_runtime	Existing no-store helper comparison input	Admin protected-route policy	Preserves cache safety	No migration action	No seller adapter	`node tests/adminCommerceProSessionContractSmoke.js`	No commit in planning	Current F1 planning authorization
FORBIDDEN	routes/adminRoutes.js	READ_ONLY	admin_runtime	Existing admin route chain isolated	Admin route architecture	Prevents admin-to-seller bridge	No migration action	No seller route reuse	`node tests/adminCommerceProSessionContractSmoke.js`	No commit in planning	Current F1 planning authorization
FORBIDDEN	services/adminCatalogProductService.js	READ_ONLY	admin_runtime	Existing first-party catalog scope isolated	Platform-store service	Prevents seller ownership reinterpretation	No migration action	No seller adapter	`node tests/adminCommerceProHttpSmoke.mjs`	No commit in planning	Current F1 planning authorization
FORBIDDEN	services/adminCommerceReadService.js	READ_ONLY	admin_runtime	Existing single-vendor capability surface isolated	Commerce Pro session contract	Prevents capability bridge	No migration action	No seller adapter	`node tests/adminCommerceProSessionContractSmoke.js`	No commit in planning	Current F1 planning authorization
FORBIDDEN	services/currentAdminGuard.js	READ_ONLY	admin_runtime	Existing DB current-role pattern comparison input	Admin route architecture	Preserves admin-only guard	No migration action	No seller route reuse	`node tests/adminCommerceProSessionContractSmoke.js`	No commit in planning	Current F1 planning authorization
FORBIDDEN	app/build.gradle.kts	FORBIDDEN	android	Main customer build outside F1	F0A Android boundary	Prevents Android scope leak	No migration action	No Android API	Git allowlist review	No commit in planning	Current F1 planning authorization
FORBIDDEN	app/src/main/AndroidManifest.xml	FORBIDDEN	android	Main customer manifest outside F1	F0A Android boundary	Prevents Android scope leak	No migration action	No Android API	Git allowlist review	No commit in planning	Current F1 planning authorization
FORBIDDEN	app/src/main/java/com/novastore/app/navigation/NavGraph.kt	FORBIDDEN	android	Customer navigation remains customer-only	F0A Android boundary	Prevents seller navigation leak	No migration action	No Android API	Git allowlist review	No commit in planning	Current F1 planning authorization
FORBIDDEN	controllers/authController.js	READ_ONLY	customer_auth	Customer admin auth separate from seller	Existing auth route	Prevents login/reset bridge	No migration action	No seller API reuse	`node tests/sellerF0bSecurityInvariantContractSmoke.js`	No commit in planning	Current F1 planning authorization
FORBIDDEN	controllers/userController.js	READ_ONLY	customer_auth	Customer JWT issuance separate from seller	Existing customer login	Prevents token reuse	No migration action	No seller API reuse	`node tests/sellerF0bSecurityInvariantContractSmoke.js`	No commit in planning	Current F1 planning authorization
FORBIDDEN	middlewares/authMiddleware.js	READ_ONLY	customer_auth	Shared legacy JWT cannot establish seller authority	Existing shared JWT limitation	Prevents claim-only bridge	No migration action	No seller API reuse	`node tests/sellerF0bSecurityInvariantContractSmoke.js`	No commit in planning	Current F1 planning authorization
FORBIDDEN	admin-commerce-pro/node_modules/**	FORBIDDEN	generated_ignored_output	FORBIDDEN_FROM_GIT ignored dependency output	Git ignore contract	Prevents dependency artifact staging	No migration action	No API relevance	Git status and staged-path review	No commit in planning	Current F1 planning authorization
FORBIDDEN	admin-commerce-pro/package-lock.json	FORBIDDEN	package	Existing dependency lock unchanged	Planning authorization	Prevents dependency drift	No migration action	No API relevance	Git diff review	No commit in planning	Current F1 planning authorization
FORBIDDEN	admin-commerce-pro/package.json	FORBIDDEN	package	Existing package contract unchanged	Planning authorization	Prevents dependency drift	No migration action	No API relevance	Git diff review	No commit in planning	Current F1 planning authorization
FORBIDDEN	models/createCoreDb.js	READ_ONLY	runtime_schema	Runtime schema initializer not seller carrier	F0A migration contract	Prevents runtime schema bypass	No seller migration carrier	No seller API	`node tests/sellerF1MigrationContractSmoke.js`	No commit in planning	Current F1 planning authorization
FORBIDDEN	services/socketAuthService.js	READ_ONLY	socket_runtime	Existing shared-JWT socket auth non-seller	Existing socket implementation	Prevents unchecked seller socket	No migration action	No seller socket API	`node tests/socketAuthSmoke.js`	No commit in planning	Current F1 planning authorization
